"α And","α","21","NA","358","677","2.07","−0.30","97","B9p","3.8 ± 0.2","2.7 ± 0.4","3.75","13,800","60"
"β And","β","43","NA","6860","5447","2.07","−1.86","199","M0IIIvar","3–4","100","1.52","3,842","NA"
"γ","γ","57","NA","12533","9640","2.10","−3.08","355","K3IIb","NA","96","NA","4,200","NA"
"δ And","δ","31","NA","3627","3092","3.27","0.81","101","K3III...","~1.3","13.6 ± 0.3","2.0 ± 0.3","4,315","3.2"
"Andromeda Galaxy","(n)","33","NA","NA","NA","3.44","NA","2540000","NA","NA","NA","NA","NA","NA"
"ο And","ο","1","NA","217675","113726","3.62","−3.01","692","B6pv SB","7.0 ± 0.2","6.6","NA","13,800","50.1 ± 6.8"
"λ And","λ","16","NA","222107","116584","3.81","1.75","84","G8III-IV","1.0 ± 0.2","7.0 ± 0.7","2.75 ± 0.25","4,800 ± 100","NA"
"μ And","μ","37","NA","5448","4436","3.86","0.75","136","A5V","2.0","2.4","3.99","7,959","600"
"ζ And","ζ","34","NA","4502","3693","4.08","0.35","181","K1II","NA","16.0","NA","4,600","NA"
"κ And","κ","19","NA","222439","116805","4.15","0.57","170","B9IVn","NA","2.31 ± 0.09","4.10 ± 0.03","11,361 ± 66","NA"
"φ And","φ","42","NA","6811","5434","4.26","−2.51","736","B7III","NA","NA","NA","NA","63.1 ± 13.7"
"ι And","ι","17","NA","222173","116631","4.29","−1.65","502","B8V","NA","NA","3.35","12,620","NA"
"π And","π","29","NA","3369","2912","4.34","−2.18","656","B5V","NA","NA","4.10","15,276","NA"
"ε And","ε","30","NA","3546","3031","4.34","0.77","169","G5III...","2.4","9.8","NA","4930","650"
"η And","η","38","NA","5516","4463","4.40","0.04","243","G8III-IV","2.6 ± 0.35","NA","2.8","4900","8×10"
"σ And","σ","25","NA","1404","1473","4.51","1.33","141","A2V","NA","2.1","4.02","8,929","450"
"ν And","ν","35","NA","4727","3881","4.53","−2.06","679","B5V SB","5.9 ± 0.2","3.4","4.12 ± 0.43","14,851 ± 396","63.1 ± 17.9"
"θ And","θ","24","NA","1280","1366","4.61","0.16","253","A2V","NA","NA","3.95","NA","NA"
"ω And","ω","48","NA","8799","6813","4.83","2.57","92","F5IV","NA","2.2","NA","6,628","2.1"
"γ","γ","57","NA","12534","NA","4.84","NA","NA","B8V","NA","96","NA","4,200","NA"
"60 And","b","60","NA","13520","10340","4.84","−1.32","556","K4III","NA","NA","NA","NA","NA"
"ξ And","ξ","46","NA","8207","6411","4.87","0.98","195","K0III-IV","2.5","10","2.8","4,656","NA"
"τ And","τ","53","NA","10205","7818","4.96","−1.64","681","B8III","NA","NA","NA","NA","NA"
"41 H. And","υ","NA","NA","10307","7918","4.96","4.45","41","G2V","0.97","1.20 ","4.35 ","5,881 ± 4.0","7.0 × 10"
"ψ And","ψ","20","NA","223047","117221","4.97","−3.05","1309","G5Ib","5.4","NA","1.50","4,990","79"
"χ And","χ","52","NA","10072","7719","5.01","0.66","242","G8III...","NA","9","2.9","5,070","NA"
"41 And","(d)","41","NA","6658","5317","5.04","1.14","196","A3m","NA","NA","NA","NA","NA"
"ρ And","ρ","27","NA","1671","1686","5.16","1.71","160","F5III","NA","3.3","3.84","6,471","1.3"
"49 And","A","49","NA","9057","6999","5.27","0.53","290","K0III","NA","NA","NA","NA","NA"
"62 And","c","62","NA","14212","10819","5.31","0.84","255","A1V","NA","NA","NA","NA","NA"
"α Ari","α","13","NA","12929","9884","2.01","0.48","66","K2III","1.5 ± 0.2","14.9 ± 0.3","2.57","4,480","NA"
"β Ari","β","6","NA","11636","8903","2.64","1.33","60","A5V...","2.34 ± 0.10","NA","4.0","9,000","0.3"
"41 Ari","c","41","NA","17573","13209","3.61","0.16","159","B8Vn","NA","NA","NA","NA","NA"
"δ Ari","δ","57","NA","19787","14838","4.35","0.79","168","K2IIIvar","1.91","10.42 ± 0.97","2.93","4,810","NA"
"γ","γ","5","NA","11503","NA","4.62","NA","164.0","kA0hA3(IV)SiSr","NA","1.9","4.25","10,970","NA"
"γ","γ","5","NA","11502","8832","4.70","NA","164.0","B9.5IV","NA","1.9","4.25","10,970","NA"
"λ Ari","λ","9","NA","11973","9153","4.79","1.73","133","F0V","NA","NA","3.88","7,177","NA"
"ζ Ari","ζ","58","NA","20150","15110","4.87","−0.22","340","A1V","NA","NA","NA","9,500","NA"
"κ Ari","κ","12","NA","12869","9836","5.03","1.23","187","A2m","NA","NA","4.0","8,700","NA"
"ι Ari","ι","8","NA","11909","9110","5.09","−1.44","659","K1p...","NA","NA","2.42","4,235","NA"
"τ","τ","63","NA","20893","15737","5.10","0.15","319","K3III","NA","19","2.1","4,406","NA"
"ε Ari","ε","48","NA","18519","NA","5.2","NA","332","A2Vs","NA","NA","NA","NA","NA"
"η Ari","η","17","NA","13555","10306","5.23","2.84","98","F5V","1.3 ","0.98","4.01","6,380","2.6"
"π Ari","π","42","NA","17543","13165","5.26","−1.07","603","B6V","NA","NA","NA","NA","NA"
"τ","τ","61","NA","20756","15627","5.27","−0.49","462","B5IV","5.0 ± 0.1","3.4–3.6","NA","NA","54.8 ± 5.4"
"ν Ari","ν","32","NA","16432","12332","5.45","0.32","346","A7V","NA","NA","NA","NA","NA"
"ξ Ari","ξ","24","NA","14951","11249","5.48","−0.85","603","B7IV","NA","NA","NA","NA","NA"
"ε Ari","ε","48","NA","18519","13914","5.5","NA","332","A2Vs","NA","NA","NA","NA","NA"
"σ Ari","σ","43","NA","17769","13327","5.52","−0.32","479","B7V","3.84 ± 0.08","3","NA","13,121","NA"
"θ Ari","θ","22","NA","14191","10732","5.58","0.21","387","A1Vn","NA","1.9–2.5","NA","NA","NA"
"ρ","ρ","46","NA","18256","13702","5.58","2.83","115","F6V","NA","NA","4.19","6,380","2.4"
"μ Ari","μ","34","NA","16811","12640","5.74","0.66","338","A0V","NA","NA","NA","NA","NA"
"ρ","ρ","45","RZ","18191","13654","5.76","0.30","403","M6IIIvar","NA","NA","0.30","3,250","NA"
"ο Ari","ο","37","NA","17036","12803","5.78","−0.07","482","B9Vn","NA","NA","NA","NA","NA"
"ρ","ρ","44","NA","18091","13579","7.01","2.10","313","A3","NA","NA","NA","NA","NA"
"Capella","α","13","NA","34029","24608","0.08","−0.48","42","G8III / G0III","2.5687 ± 0.0074 ","11.98 ± 0.57 ","2.691 ± 0.041 ","4,970 ± 50 ","590 - 650 "
"β Aur","β","34","NA","40183","28360","1.90","−0.10","82","A2V","2.389 ± 0.013","2.77","3.93","9,350","570"
"θ Aur","θ","37","NA","40312","28380","2.62","−0.98","173","A0p Si","3.38 ± 0.08","5.1 ± 0.4","3.6 ± 0.05","10,400 ± 300","NA"
"ι Aur","ι","3","NA","31398","23015","2.69","−3.29","512","K3IIvar","7.1 ± 0.7","127","1.74","4,160","39.8 ± 4.9"
"ε Aur","ε","7","NA","31964","23416","3.03","−5.95","2037","F0Ia","2.2-15","135-190","≲ 1.0","7,750","NA"
"η Aur","η","10","NA","32630","23767","3.18","−0.96","219","B3V","5.4 ± 0.3","3.25 ± 0.18","4.13 ± 0.04","17,201 ± 173","22–55"
"ζ Aur","ζ","8","NA","32068","23453","3.69","−3.22","787","K4II comp","4.94 ± 0.79","NA","1.33","3,920","NA"
"δ Aur","δ","33","NA","40035","28358","3.72","0.55","140","K0III","NA","11","2.7","4,786","NA"
"ν Aur","ν","32","NA","39003","27673","3.97","−0.13","215","K0III","NA","19","2.4","4,571","NA"
"π Aur","π","35","NA","40239","28404","4.30","−2.76","840","M3IIvar","5.0 ","265","NA","3530 ","70-100 "
"κ Aur","κ","44","NA","43039","29696","4.32","0.75","169","G8IIIvar","NA","11","2.7","4,732","NA"
"τ Aur","τ","29","NA","38656","27483","4.51","0.44","213","G8III","NA","11","2.7","4,887","NA"
"λ Aur","λ","15","NA","34411","24813","4.69","4.18","41","G0V","NA","NA","4.02","NA","5.0–7.9"
"χ Aur","χ","25","NA","36371","25984","4.71","−5.77","4075","B5Iab","16.5-19 ","42.3 ","2.5","15,500","NA"
"υ Aur","υ","31","NA","38944","27639","4.72","−1.10","475","M1III","NA","73","NA","NA","NA"
"ψ","ψ","50","NA","47174","31832","4.80","−0.81","432","K3III","NA","27","2.30","4,410","NA"
"μ Aur","μ","11","NA","33641","24340","4.82","1.33","162","A4m","NA","NA","NA","NA","NA"
"ψ","ψ","46","NA","44537","30520","4.92","−5.43","3835","K5Iabvar","14.4 ± 0.8","637 ","NA","3,750","12.3 ± 0.4"
"ω Aur","ω","4","NA","31647","23179","4.93","1.49","159","A1V","NA","2.1–2.7","4.33","9,230","NA"
"ξ Aur","ξ","30","NA","39283","27949","4.96","0.62","241","A2V","NA","NA","NA","NA","NA"
"ψ","ψ","58","NA","49520","32844","4.99","−0.25","364","K3III","NA","24","2.35","4,300","NA"
"σ Aur","σ","21","NA","35186","25292","5.02","−0.97","513","K4III","NA","NA","1.75","4,080","NA"
"ψ","ψ","55","NA","47914","32173","5.04","0.18","306","K5III","NA","NA","NA","NA","NA"
"φ Aur","φ","24","NA","35620","25541","5.08","−0.37","400","K4IIIp","NA","16","1.75","4,367","NA"
"ρ Aur","ρ","20","NA","34759","25048","5.22","−1.25","642","B5V","5–7","3.2–3.4","NA","NA","NA"
"ψ","ψ","57","NA","48781","32562","5.22","−0.35","424","K1III","NA","NA","NA","NA","NA"
"ψ","ψ","56","NA","48682","32480","5.24","4.15","54","G0V","1.079","1.18","4.06","5,989","3.2"
"ψ","ψ","52","NA","47100","31789","5.34","−1.49","758","B8III","NA","NA","NA","NA","NA"
"ο Aur","ο","27","NA","38104","27196","5.46","−0.39","482","A0p...","NA","NA","NA","NA","NA"
"ψ","ψ","NA","NA","50658","33377","5.85","−1.17","825","B8III","NA","3.7","NA","NA","NA"
"ψ","ψ","61","NA","50204","33133","6.46","−0.56","825","B9.5sp...","NA","NA","NA","6,223","1.7"
"β Cam","β","10","NA","31910","23522","4.03","−3.40","997","G0Ib","6.5","NA","1.79","5,300","63"
"CS Cam","B","NA","CS","21291","16228","4.21","−6.39","4289","B9Ia","19","85.7","1.65","10,800","NA"
"α Cam","α","9","NA","30614","22783","4.26","−7.38","6936","O9.5Ia SB:","30.9 ","29 ","3.00 ","30,000 ","~2 million"
"CE Cam","C","NA","CE","21389","16281","4.55","−4.85","2470","A0Ia SB:","19.3 ","97 ","1.75 ","9,730 ","11"
"M Cam","M","NA","NA","49878","33694","4.55","0.76","187","K4III","NA","NA","NA","NA","NA"
"γ Cam","γ","NA","NA","23401","17959","4.59","−0.47","335","A2IVn","3.65 ","4.87 ","NA","9，250 ","NA"
"BK Cam","A","NA","BK","20336","15520","4.74","−2.21","801","B2.5Vne","8.1 ","4.7 ","NA","21，300 ","NA"
"L Cam","L","NA","NA","42818","29997","4.76","1.10","176","A0Vn","NA","NA","NA","NA","NA"
"H Cam","H","NA","NA","24479","18505","4.95","−0.13","338","B9.5V","NA","NA","NA","NA","NA"
"K Cam","K","NA","NA","33564","25110","5.08","3.47","68","F6V","1.25 ","1.47 ","28.9 ","6370 ","3 ± 0.6 G years"
"D Cam","D","NA","NA","21447","16292","5.09","1.25","191","A1V","3,1 ","2,1 ","NA","7,500–10,000 ","NA"
"N Cam","N","NA","NA","106112","59504","5.14","2.50","110","A5m","3,1 ","2,1 ","NA","7,500–10,000 ","NA"
"β Cnc","β","17","NA","69267","40526","3.53","−1.22","290","K4III","NA","48 ± 4","1.51 ","4,039 ","NA"
"δ Cnc","δ","47","NA","74442","42911","3.94","0.84","136","K0III","NA","NA","NA","NA","NA"
"ι Cnc A","ι","48","NA","74739","43103","4.03","−0.77","298","G8Iab:","NA","NA","NA","NA","NA"
"α Cnc","α","65","NA","76756","44066","4.26","0.63","173","A5m","2","0.998","NA","NA","NA"
"γ Cnc","γ","43","NA","74198","42806","4.66","1.23","181","A1IV","NA","NA","NA","NA","NA"
"ζ Cnc","ζ","16","NA","68255","40167","4.67","2.63","83","F7V+F9V","NA","NA","NA","NA","NA"
"χ Cnc","χ","18","NA","69897","40843","5.14","3.84","59","F6V","1.070","1.3870 ± 0.0276","NA","6,130 ± 58","5.8"
"ξ Cnc","ξ","77","NA","78515","44946","5.16","−0.18","380","K0III","NA","NA","NA","NA","NA"
"ο","ο","62","NA","76543","43970","5.22","1.77","160","A5III","NA","NA","NA","NA","NA"
"ρ","ρ","58","NA","76219","43834","5.23","−1.00","574","G8II-III","NA","NA","NA","NA","NA"
"σ","σ","64","NA","76813","44154","5.23","0.27","320","G9III","NA","NA","NA","NA","NA"
"κ Cnc","κ","76","NA","78316","44798","5.23","−0.63","484","B8IIImnp","NA","NA","NA","NA","NA"
"μ","μ","10","NA","67228","39780","5.30","3.46","76","G2IV","NA","NA","NA","NA","NA"
"θ Cnc","θ","31","NA","72094","41822","5.33","−0.57","494","K5III","NA","NA","NA","NA","NA"
"η Cnc","η","33","NA","72292","41909","5.33","0.43","312","K3III","NA","NA","NA","NA","NA"
"82 Cnc","π","82","NA","79554","45410","5.36","−1.30","701","K1III","NA","NA","NA","NA","NA"
"τ Cnc","τ","72","NA","78235","44818","5.42","0.91","260","G8III","NA","NA","NA","NA","NA"
"σ","σ","59","NA","76398","43932","5.44","1.56","195","A7IV","NA","NA","NA","NA","NA"
"ν Cnc","ν","69","NA","77350","44405","5.45","−0.28","457","A0pSi","NA","NA","NA","NA","NA"
"φ","φ","22","NA","71093","41377","5.58","0.15","398","K5III","NA","NA","NA","NA","NA"
"45 Cnc","A","45","NA","74228","42795","5.62","−1.87","1028","A3V+...","NA","NA","NA","NA","NA"
"49 Cnc","b","49","BI","74521","42917","5.63","0.15","408","A1p...","NA","NA","NA","NA","NA"
"σ","σ","51","NA","75698","43584","5.67","1.69","204","A8Vms","NA","NA","NA","NA","NA"
"ο","ο","63","NA","76582","44001","5.68","2.22","161","F0IV","NA","NA","NA","NA","NA"
"υ","υ","30","NA","72041","41816","5.71","1.40","237","F0IIIn","NA","NA","NA","NA","NA"
"ψ","ψ","14","NA","67767","40023","5.73","2.61","137","G8IV","NA","NA","NA","NA","NA"
"ω","ω","2","NA","65714","39191","5.87","−1.82","660","G8III:","NA","NA","NA","NA","NA"
"50 Cnc","A","50","NA","74873","43121","5.89","1.96","199","A1V","NA","NA","NA","NA","NA"
"λ Cnc","λ","19","NA","70011","40881","5.92","0.37","419","B9.5V","NA","NA","NA","NA","NA"
"36 Cnc","c","36","NA","73143","42265","5.92","0.17","461","A3V","NA","NA","NA","NA","NA"
"20 Cnc","d","20","NA","70569","41117","5.94","0.52","395","A9V","NA","NA","NA","NA","NA"
"55 Cnc","ρ","55","NA","75732","43587","5.96","5.47","41","G8V","0.95 ± 0.1 / 0.13 ","1.152 ± 0.035 ","NA","5373 ","(7.4–8.7) × 10"
"μ","μ","9","BL","66875","39659","5.97","−0.45","626","M3III","NA","NA","NA","NA","NA"
"25 Cnc","d","25","NA","71030","41319","6.11","2.85","147","F6V","NA","NA","NA","NA","NA"
"φ","φ","23","NA","71150","41404","6.14","1.50","276","A3V","NA","NA","NA","NA","NA"
"φ","φ","23","NA","71151","NA","6.19","1.55","276","A6V","NA","NA","NA","NA","NA"
"ε Cnc","ε","41","NA","73731","42556","6.29","0.16","548","Am","NA","NA","NA","NA","NA"
"4 Cnc","ω","4","NA","65856","39263","6.32","0.00","598","A1V","NA","NA","NA","NA","NA"
"υ","υ","32","NA","72324","41940","6.35","0.80","421","G9III","NA","NA","NA","NA","NA"
"ψ","ψ","13","NA","67690","40007","6.44","−1.06","1032","K0","NA","NA","NA","NA","NA"
"81 Cnc","π","81","NA","79096","45170","6.49","4.93","67","G9V","0.89 ± 0.029","NA","NA","NA","NA"
"ι Cnc B","ι","48","NA","74738","43100","6.58","2.77","188","G8II...","NA","NA","NA","NA","NA"
"Cor Caroli","α","12","NA","112413","63125","2.89","0.25","114","A0spe...","NA","4.10","NA","NA","NA"
"β CVn","β","8","NA","109358","61317","4.24","4.63","27","G0V","1.025 ± 0.050","1.123 ± 0.028","4.60","5,653 ± 72","5.3"
"α","α","12","NA","112412","63121","5.61","NA","120.2","F0V","NA","4.10","NA","NA","NA"
"Sirius","α","9","NA","48915","32349","−1.46","1.42","8.6","A0m...","2.02","1.711","4.33","9,940","225–250"
"ε CMa","ε","21","NA","52089","33579","1.50","−4.10","431","B2II","12.6 ± 1.0","13.9","3.31","22,200","22.5 ± 2.6"
"δ CMa","δ","25","NA","54605","34444","1.83","−6.87","1791","F8Ia","16.9 ± 1.6","237 ± 66","1.00 ± 0.14","6,390 ± 150","12"
"β CMa","β","2","NA","44743","30324","1.98","−3.95","499","B1II/III","13.5 ± 0.5","9.7 ± 1.3","3.79 ± 0.20","23,150","12.4 ± 0.7"
"η CMa","η","31","NA","58350","35904","2.45","−7.51","3196","B5Ia","19.19 ± 1.15","56.3","NA","15,000","NA"
"ζ CMa","ζ","1","NA","44402","30122","3.02","−2.05","336","B2.5V","7.7 ± 0.2","3.9","4.0","18,700","32.0 ± 0.4"
"ο","ο","24","NA","53138","33977","3.02","−6.46","2567","B3Ia","21.4 ± 2.2","65","2.05","15,500","7.4 ± 1.0"
"σ CMa","σ","22","NA","52877","33856","3.49","−4.37","1216","K4III","12.3 ± 0.1","420","1.00","3,877","16.4 ± 0.5"
"κ CMa","κ","13","NA","50013","32759","3.50","−3.42","789","B1.5IVne","NA","NA","NA","NA","NA"
"ο","ο","16","NA","50877","33152","3.89","−5.02","1976","K3Iab","9.5","280","0.6","3,900","NA"
"ν","ν","7","NA","47205","31592","3.95","2.46","65","K1III+...","1.52 ± 0.30 ","2.3 ± 0.1 ","3.25 ± 0.10 ","4792 ± 100 ","NA"
"ω CMa","ω","28","NA","56139","35037","4.01","−3.25","924","B2IV/Ve","NA","NA","NA","NA","NA"
"θ CMa","θ","14","NA","50778","33160","4.08","−0.36","252","K4III","NA","NA","NA","NA","NA"
"γ CMa","γ","23","NA","53244","34045","4.12","−1.34","402","B8II","NA","5.6","3.5","13,596","NA"
"ξ","ξ","4","NA","46328","31125","4.34","−4.65","2050","B1III","13.7 ± 0.9","7.1 ± 0.9","3.83 ± 0.20","27,100 ± 1,200","NA"
"ι CMa","ι","20","NA","51309","33347","4.36","−5.51","3075","B3Ib/II","13-14","25.9","NA","16,900","NA"
"τ CMa","τ","30","NA","57061","35415","4.37","−5.59","3196","O9Ib","50","19.8","3.5","32,000","NA"
"ν","ν","8","NA","47442","31700","4.42","−1.35","464","K0II/III","NA","NA","NA","NA","NA"
"λ CMa","λ","NA","NA","45813","30788","4.47","−1.01","406","B4V","NA","NA","NA","NA","NA"
"ξ","ξ","5","NA","46933","31416","4.54","−0.97","412","A0III","NA","NA","NA","NA","NA"
"π CMa","π","19","NA","51199","33302","4.66","2.33","95","F2IV/V","NA","NA","NA","NA","NA"
"μ CMa","μ","18","NA","51250","33345","5.00","−2.22","908","B9.5V","NA","NA","NA","NA","NA"
"ν","ν","6","NA","47138","31564","5.71","1.07","277","G8III/F3V...","NA","NA","NA","NA","NA"
"Procyon","α","10","NA","61421","37279","0.34","2.65","11","F5IV-V","NA","NA","3.96","NA","1.37"
"β CMi","β","3","NA","58715","36188","2.89","−0.70","170","B8Vvar","3.5","3.5","3.51","11,772","NA"
"γ CMi","γ","4","NA","58972","36284","4.33","−1.10","318","K3III SB","NA","NA","NA","NA","NA"
"HD 66141","(λ)","(13)","NA","66141","39311","4.39","−0.13","261","K2III","1.1 ± 0.1","21.4 ± 0.6","1.3 ± 0.5,","4305 ± 15","6.84 ± 1.39 × 10"
"ε CMi","ε","2","NA","58367","36041","4.99","−2.42","988","G8III","NA","NA","NA","NA","NA"
"ζ CMi","ζ","13","NA","63975","38373","5.12","−0.43","420","B8II","NA","NA","NA","NA","NA"
"η CMi","η","5","NA","58923","36265","5.22","0.06","351","F0III","NA","NA","NA","NA","NA"
"δ","δ","7","NA","59881","36641","5.24","−1.67","787","F0III","NA","NA","NA","NA","NA"
"δ","δ","8","NA","60111","36723","5.59","2.44","139","F2V","NA","1.0","NA","7053 ± 159","NA"
"δ","δ","9","NA","60357","36812","5.83","−0.75","676","A0Vnn","NA","NA","NA","NA","NA"
"δ Cap","δ","49","NA","207098","107556","2.85","2.49","39","A5mF2 (IV)","2.0","1.91","3.66","7,301","NA"
"β","β","9","NA","193495","100345","3.05","−2.07","344","A5:n","NA","NA","NA","NA","NA"
"α","α","6","NA","192947","100064","3.58","0.97","109","G6/G8III","NA","NA","NA","NA","NA"
"γ Cap","γ","40","NA","206088","106985","3.69","0.54","139","A7III:mp...","NA","NA","3.95","7,520","NA"
"ζ Cap","ζ","34","NA","204075","105881","3.77","−1.66","398","G4Ibp...","NA","NA","NA","NA","NA"
"θ Cap","θ","23","NA","200761","104139","4.08","0.65","158","A1V","NA","NA","NA","NA","NA"
"ω Cap","ω","18","NA","198542","102978","4.12","−2.30","628","K4III","NA","NA","NA","NA","NA"
"ψ Cap","ψ","16","NA","197692","102485","4.13","3.30","48","F5V","NA","NA","4.50","6,632","1.4"
"ι Cap","ι","32","NA","203387","105515","4.27","0.18","215","G8III","NA","NA","NA","NA","NA"
"α","α","5","NA","192876","100027","4.30","−2.32","686","G3Ib","NA","NA","NA","NA","NA"
"24 Cap","A","24","NA","200914","104234","4.49","−1.53","522","K5/M0III","NA","NA","NA","NA","NA"
"36 Cap","b","36","NA","204381","106039","4.50","0.80","179","K0III","NA","NA","NA","NA","NA"
"ε Cap","ε","39","NA","205637","106723","4.51","−2.03","663","B3V:p","NA","NA","NA","NA","NA"
"κ Cap","κ","43","NA","206453","107188","4.72","−0.03","291","G8III","NA","NA","NA","NA","NA"
"ν Cap","ν","8","NA","193432","100310","4.77","0.16","272","B9IV","NA","NA","NA","NA","NA"
"ρ Cap","ρ","11","NA","194943","101027","4.77","2.37","99","F3V","NA","NA","NA","NA","NA"
"η Cap","η","22","NA","200499","104019","4.82","1.39","158","A5V","NA","NA","NA","NA","NA"
"μ Cap","μ","51","NA","207958","108036","5.07","2.87","90","F3IV","NA","NA","NA","NA","NA"
"π Cap","π","10","NA","194636","100881","5.08","−1.47","665","B4V","NA","NA","NA","NA","NA"
"46 Cap","c","46","NA","206834","107382","5.10","−1.85","799","G8II-III","NA","NA","NA","NA","NA"
"υ Cap","υ","15","NA","196777","101984","5.15","−1.67","755","M1III","NA","NA","NA","NA","NA"
"φ Cap","φ","28","NA","202320","104963","5.17","−1.46","691","K0II/III","NA","NA","NA","NA","NA"
"τ","τ","14","NA","196662","101923","5.24","−3.41","1753","B7III","NA","NA","NA","NA","NA"
"σ Cap","σ","7","NA","193150","100195","5.28","−1.37","697","K2III","NA","NA","NA","NA","NA"
"χ Cap","χ","25","NA","201184","104365","5.30","1.46","191","A0V","NA","NA","NA","NA","NA"
"λ Cap","λ","48","NA","207052","107517","5.57","0.80","294","A1V","NA","NA","NA","NA","NA"
"ξ","ξ","2","NA","191862","99572","5.84","3.60","91","F5V","NA","NA","NA","NA","NA"
"ο Cap","ο","12","NA","195094","101123","5.94","1.62","239","A1V","NA","NA","NA","NA","NA"
"β","β","NA","NA","193452","100325","6.09","1.18","313","B9.5III/IV","NA","NA","NA","NA","NA"
"ξ","ξ","1","NA","191753","99529","6.34","0.49","483","K0III","NA","NA","NA","NA","NA"
"ο Cap","ο","12","NA","195093","101120","6.74","3.63","136","A7/A8V","NA","NA","NA","NA","NA"
"τ","τ","13","NA","196348","101751","6.76","−0.40","883","K1III","NA","NA","NA","NA","NA"
"γ Cas","γ","27","NA","5394","4427","2.15","−4.22","613","B0IV:evar","17","10","3.50","25,000","8.0 ± 0.4"
"α Cas","α","18","NA","3712","3179","2.24","−1.99","228","K0II-IIIvar","4–5","42.1 ± 1.7","NA","4,530","1–2"
"β Cas","β","11","NA","432","746","2.28","1.17","54","F2III-IV","1.91 ± 0.02","3.43–3.69","3.40","7,079","1.09–1.18"
"δ Cas","δ","37","NA","8538","6686","2.68","0.26","99","A5Vv SB","2.5","3.90","NA","8,400","6.0"
"ε Cas","ε","45","NA","11415","8886","3.35","−2.31","442","B2pvar","9.2 ± 0.2","6","3.5","15,174","15.4 ± 3.0"
"η Cas","η","24","NA","4614","3821","3.46","4.59","19","G0V SB","0.972 ± 0.012","1.0386 ± 0.0038","NA","5973 ± 8","5.4 ± 0.9"
"ζ Cas","ζ","17","NA","3360","2920","3.69","−2.62","597","B2IV","8.3","5.9","3.81","20,426","NA"
"κ Cas","κ","15","NA","2905","2599","4.17","−6.34","4127","B1Ia","33 ","33.0 ","2.75 ","23,500 ","NA"
"θ Cas","θ","33","NA","6961","5542","4.34","1.22","137","A7Vvar","NA","NA","NA","NA","NA"
"ι Cas","ι","NA","NA","15089","11569","4.46","1.27","141","A5p Sr","NA","NA","NA","NA","NA"
"ο Cas","ο","22","NA","4180","3504","4.48","−2.74","906","B5III","NA","NA","NA","NA","NA"
"48 Cas","A","48","NA","12111","9480","4.49","1.72","117","A3IV","NA","NA","NA","NA","NA"
"ρ Cas","ρ","7","NA","224014","117863","4.51","−9.5","8500","F8Ia0-M2I","14-30","400-500","0.1","5777-7200","NA"
"υ","υ","28","NA","5395","4422","4.62","0.62","206","G8III-IV","NA","NA","NA","NA","NA"
"χ Cas","χ","39","NA","9408","7294","4.68","0.70","204","K0III","NA","11.0 ± 0.8","NA","NA","NA"
"ψ Cas","ψ","36","NA","8491","6692","4.72","0.86","193","K0III","NA","NA","NA","NA","NA"
"λ Cas","λ","14","NA","2772","2505","4.74","−0.44","354","B8Vn","NA","NA","NA","NA","NA"
"ξ Cas","ξ","19","NA","3901","3300","4.80","−2.86","1109","B2.5V","NA","NA","NA","NA","NA"
"υ","υ","26","NA","5234","4292","4.83","−0.65","406","K2III","NA","NA","NA","NA","NA"
"τ Cas","τ","5","NA","223165","117301","4.88","1.26","173","K1III","NA","NA","NA","NA","NA"
"σ Cas","σ","8","NA","224572","118243","4.88","−3.47","1523","B1V...","NA","NA","NA","NA","NA"
"ν Cas","ν","25","NA","4636","3801","4.90","−0.49","389","B9III","NA","NA","NA","NA","NA"
"π Cas","π","20","NA","4058","3414","4.95","1.31","174","A5V","NA","NA","NA","NA","NA"
"φ Cas","φ","34","NA","7927","6242","4.95","−4.32","2329","F0Ia","6.3","263","1.0","7,341","20"
"ω Cas","ω","46","NA","11529","9009","4.97","−1.69","701","B8III","NA","NA","NA","NA","NA"
"μ Cas","μ","30","NA","6582","5336","5.17","5.78","25","G5VIp/M5V","0.74/0.17","0.791 ± 0.008","4.51","5,332","3.1"
"α Cen","α","363","NA","128620","71683","−0.01","4.34","4.36","G2V","1.100","1.227","4.30","5,790","4.4 ± ?"
"β Cen","β","304","NA","122451","68702","0.61","−5.42","525","B1III","10.7 ± 0.1","NA","3.5 ± 0.4","25,000 ± 2,000","14.1 ± 0.6"
"α Cen","α","364","NA","128621","71681","1.35","5.70","4.36","K1V","1.100","1.227","4.30","5,790","4.4 ± ?"
"θ Cen","θ","314","NA","123139","68933","2.06","0.70","61","K0IIIb","NA","10.6","2.75","4,980","NA"
"γ Cen","γ","134","NA","110304","61932","2.20","−0.81","130","A1IV","2.91","NA","3.52","9,082","NA"
"ε Cen","ε","245","NA","118716","66657","2.29","−3.02","376","B1III","11.60 ± 1.06","NA","3.68","24,000","15.8 ± 5.7"
"η Cen","η","356","NA","127972","71352","2.33","−2.55","308","B1Vn + A","12.0 ± 0.3","5-6 ","3.20","25,700","5.6 ± 1.0"
"ζ Cen","ζ","289","NA","121263","68002","2.55","−2.81","384","B2.5IV","7.8 ± 0.1","5.80 ± 0.53","3.84 ± 0.08","23,561 ± 283","39.8 ± 5.7"
"δ Cen","δ","94","NA","105435","59196","2.58","−2.84","395","B2IVne","8.6 ± 0.3","5.9 ± 0.5","3.94 ± 0.05","22384 ± 446","21.5 ± 1.5"
"ι Cen","ι","204","NA","115892","65109","2.75","1.48","59","A2V","2.5","NA","4.11","8,600","0.35"
"λ Cen","λ","46","NA","100841","56561","3.11","−2.39","410","B9II:","5.1 ","11.6","3.04 ","9,880","NA"
"κ Cen","κ","385","NA","132200","73334","3.13","−2.96","539","B2IV","7.2 ± 0.5","4.4 ± 0.7","4.02 ± 0.20","19,800 ± 900","18.2 ± 3.2"
"ν Cen","ν","272","NA","120307","67464","3.41","−2.41","475","B2IV","8.5 ± 0.3","6.4","4.02","22,400","18.2 ± 3.2"
"μ Cen","μ","273","NA","120324","67472","3.47","−2.57","527","B2IV-Ve","9.1 ± 0.2","3.4 × 4.2","3.95 (3.86–4.33)","22,410","19.8 ± 1.7"
"φ Cen","φ","296","NA","121743","68245","3.83","−1.94","465","B2IV","8.5 ± 0.3","4.19 ± 0.35","4.08 ± 0.07","21,638 ± 388","18.0 ± 3.2"
"υ","υ","297","NA","121790","68282","3.87","−1.67","417","B2IV-V","NA","3.74 ± 0.34","4.15 ± 0.07","21,411 ± 377","NA"
"π Cen","π","24","NA","98718","55425","3.90","−1.07","321","B5Vn","NA","NA","NA","NA","NA"
"d Cen","d","227","NA","117440","65936","3.90","−4.03","1254","G8II/III","NA","NA","NA","NA","NA"
"σ Cen","σ","121","NA","108483","60823","3.91","−1.76","443","B3V","NA","NA","NA","NA","NA"
"ρ Cen","ρ","101","NA","105937","59449","3.97","−1.13","342","B3V","6.6 ± 0.1","NA","4.22","16,200","23.7 ± 1.4"
"b Cen","b","368","NA","129116","71865","4.01","−0.85","305","B2.5V","NA","2.93 ± 0.12","4.23 ± 0.03","18,445 ± 344","NA"
"ψ Cen","ψ","338","NA","125473","70090","4.05","−0.35","247","A0IV","NA","NA","NA","NA","NA"
"c","c","371","NA","129456","72010","4.06","0.07","205","K3III","NA","NA","NA","NA","NA"
"2 Cen","g","274","NA","120323","67457","4.19","0.51","177","M5III","NA","NA","NA","NA","NA"
"1 Cen","i","265","NA","119756","67153","4.23","2.81","63","F3V","1.35","NA","NA","NA","NA"
"n Cen","n","150","NA","111968","62896","4.25","0.86","155","A4IV","NA","NA","NA","NA","NA"
"ξ","ξ","173","V1261 (B)","113791","64004","4.27","−1.24","412","B1.5V","NA","NA","NA","NA","NA"
"j Cen","j","69","NA","102776","57669","4.30","−1.44","459","B3V","NA","NA","NA","NA","NA"
"v Cen","v","336","NA","125288","70069","4.30","−3.50","1185","B6Ib","NA","NA","NA","NA","NA"
"3 Cen A","k","280","V983","120709","67669","4.32","−0.48","297","B5","NA","NA","NA","NA","NA"
"e Cen","e","149","NA","111915","62867","4.33","−0.51","303","K3/K4III","NA","NA","NA","NA","NA"
"υ","υ","303","NA","122223","68523","4.34","−1.35","448","F6II","NA","NA","NA","NA","NA"
"χ Cen","χ","311","NA","122980","68862","4.36","−1.32","446","B2V","8.2 ± 0.2","NA","4.22 ± 0.05","20,800 ± 300","9.1 ± 3.8"
"V761 Cen","a","342","V761","125823","70300","4.41","−1.13","418","B2V","5.69 ± 0.30","3.7 ± 0.5","4.20 ± 0.12","17,700","NA"
"B Cen","B","71","NA","102964","57803","4.47","−1.30","464","K4III","NA","NA","NA","NA","NA"
"J Cen","J","208","NA","116087","65271","4.52","−0.66","354","B3V","NA","NA","4.22","23,970 ± 3,080","NA"
"m Cen","m","214","NA","116243","65387","4.52","0.04","257","G5III-IV","NA","NA","NA","NA","NA"
"A Cen","A","42","NA","100673","56480","4.62","−1.14","463","B9V","NA","NA","NA","NA","NA"
"l Cen","l","132","NA","110073","61789","4.63","−0.55","355","B8II/III","4.0 ± 0.2","NA","NA","12,900","129"
"M Cen","M","266","NA","119834","67234","4.64","0.16","257","G8/K0III","NA","NA","NA","NA","NA"
"w Cen","w","136","NA","110458","62012","4.66","0.85","188","K0III","NA","NA","NA","NA","NA"
"f Cen","f","171","NA","113703","63945","4.71","−0.81","414","B5V","NA","NA","NA","NA","NA"
"4 Cen","h","284","NA","120955","67786","4.75","−1.81","669","B4IV","NA","NA","NA","NA","NA"
"G Cen","G","119","NA","108257","60710","4.82","−0.62","400","B3Vn","NA","NA","NA","NA","NA"
"ξ","ξ","165","NA","113314","63724","4.83","0.71","218","A0V","NA","NA","NA","NA","NA"
"p Cen","p","143","NA","111597","62683","4.90","−0.48","389","B9V","NA","NA","NA","NA","NA"
"c","c","372","NA","129685","72104","4.92","0.91","207","A0V","NA","NA","NA","NA","NA"
"Q Cen","Q","250","NA","118991","66821","4.99","0.39","271","B8Vn+...","NA","NA","NA","NA","NA"
"F Cen","F","108","NA","107079","60059","5.01","−0.33","381","M1III","NA","NA","NA","NA","NA"
"K Cen","K","224","NA","117150","65810","5.04","−0.91","504","A0V","NA","NA","NA","NA","NA"
"ο","ο","37","NA","100261","56243","5.07","−4.91","3228","G0Ia","NA","NA","0.19","4,873","NA"
"r Cen","r","195","NA","115310","64803","5.10","0.70","247","K0III","NA","NA","NA","NA","NA"
"ο","ο","38","NA","100262","56250","5.12","−4.97","3396","A3Ia","18 ","131 ","1.46 ","9,080 ","NA"
"z Cen","z","267","NA","119921","67244","5.15","−0.44","428","A0V","NA","NA","NA","NA","NA"
"H Cen","H","156","V945","112409","63210","5.17","−0.67","479","B8V","NA","NA","NA","NA","NA"
"C","C","45","NA","100825","56573","5.26","1.44","189","A7m","NA","NA","NA","NA","NA"
"N Cen","N","277","NA","120642","67703","5.26","0.03","363","B9Vn","NA","NA","NA","NA","NA"
"D Cen","D","103","NA","106321","59654","5.31","−0.89","566","K3III","NA","NA","NA","NA","NA"
"x","x","113","NA","107832","60449","5.32","−0.17","409","B8/B9V","NA","NA","NA","NA","NA"
"E Cen","E","93","NA","105416","59184","5.34","−0.95","590","A1V","NA","NA","NA","NA","NA"
"u Cen","u","122","U","108541","60855","5.45","−0.13","427","B8/B9V","NA","NA","NA","NA","NA"
"C","C","53","NA","101067","56700","5.46","0.23","363","K2III","NA","NA","NA","NA","NA"
"C","C","44","V763","100733","56518","5.64","−0.87","652","M3III","NA","NA","NA","NA","NA"
"x","x","118","NA","108114","60610","5.71","0.16","420","B9IV/V","NA","NA","NA","NA","NA"
"3 Cen B","k","281","NA","120710","NA","6.06","NA","NA","NA","NA","NA","NA","NA","NA"
"α Cep","α","5","NA","203280","105199","2.45","1.58","49","A7IV-V","1.74","2.3","3.99","7,740 ± 170","NA"
"γ Cep","γ","35","NA","222404","116727","3.21","2.51","45","K1IV","1.40 ± 0.12","4.79 ± 0.06","NA","NA","6.6"
"β Cep","β","8","NA","205021","106032","3.23","−3.08","595","B2IIIv SB","12","9.0","3.80","26,700","NA"
"ζ Cep","ζ","21","NA","210745","109492","3.39","−3.35","726","K1Ibv SB","NA","230","0.75","4,000","NA"
"η Cep","η","3","NA","198149","102422","3.41","2.63","47","K0IV","1.6","4.12 ± 0.07","3.41","4,950","2.5 ± 0.3"
"ι Cep","ι","32","NA","216228","112724","3.50","0.76","115","K0III","NA","NA","NA","NA","NA"
"δ Cep","δ","27","NA","213306","110991","4.07","−3.47","887","F5Iab + B7-8","4.5 ± 0.3","44.5","NA","5,500–6,800 ","~100 "
"ε Cep","ε","23","NA","211336","109857","4.18","2.13","84","F0IV","NA","NA","NA","NA","NA"
"θ Cep","θ","2","NA","195725","101093","4.21","1.11","136","A7III","NA","NA","NA","NA","NA"
"μ Cep","μ","NA","NA","206936","107259","4.23","−6.81","5258","M2Ia","19.2 ± 0.1","1,260","−0.63","3,750","10.0 ± 0.1"
"ν Cep","ν","10","NA","207260","107418","4.25","−6.72","5094","A2Ia","16.5","137","1.35","8,800","8"
"κ Cep","κ","1","NA","192907","99255","4.38","−0.63","327","B9III","NA","4.45 ± 0.22","3.66 ± 0.03","10,174 ± 55","NA"
"π Cep","π","33","NA","218658","114222","4.41","0.27","220","G2III","6.88±0.69 ","? ","NA","? ","? years"
"ξ Cep","ξ","17","NA","209790","108917","4.45","NA","96","Am","NA","NA","NA","NA","NA"
"ο Cep","ο","34","NA","219916","115088","4.75","0.70","211","K0III","2.35 ± 0.15","NA","NA","NA","NA"
"λ Cep","λ","22","NA","210839","109556","5.05","−3.47","1646","O6If(n)","51.4 ","18","3.54 ","36,000 ","4.0 "
"ρ","ρ","29","NA","213798","111056","5.45","1.14","237","A3V","NA","NA","NA","NA","NA"
"ρ","ρ","28","NA","213403","110787","5.83","1.85","204","A2m","NA","NA","NA","NA","NA"
"δ Cep","δ","27","NA","213307","110988","6.30","NA","887","B7IV","4.5 ± 0.3","44.5","NA","5,500–6,800 ","~100 "
"ξ Cep","ξ","17","NA","209791","NA","6.34","NA","96","F8V","NA","NA","NA","NA","NA"
"β Com","β","43","NA","114710","64394","4.26","4.42","30","G0V","1.15","1.106 ± 0.011","4.38","5,936 ± 33","1.5–2.5"
"α Com A","α","42","NA","114378","64241","4.32","3.54","47","F5V","NA","NA","NA","NA","NA"
"γ Com","γ","15","NA","108381","60742","4.35","0.76","170","K2IIICN+...","1.66","10","NA","NA","NA"
"α Com B","α","42","NA","114379","NA","5.22","NA","NA","NA","NA","NA","NA","NA","NA"
"α CrB","α","5","NA","139006","76267","2.22","0.42","75","A0V","2.58","2.89–3.04","3.89","9,700","0.314 "
"β CrB","β","3","NA","137909","75695","3.66","0.94","114","F0p","2.09 ± 0.15 ","2.63 ± 0.09 ","4 ","7,980 ± 180 ","530 ± 100 "
"γ CrB","γ","8","NA","140436","76952","3.81","0.57","145","A1Vs","NA","NA","NA","NA","NA"
"θ CrB","θ","4","NA","138749","76127","4.14","−0.76","311","B6Vnn","NA","NA","NA","NA","NA"
"ε CrB","ε","13","NA","143107","78159","4.14","−0.10","230","K3III","1.7±0.1 ","21 ","NA","4406 ± 15 ","1.74±0.37 "
"δ CrB","δ","10","NA","141714","77512","4.59","1.06","165","G5III-IV","NA","NA","NA","NA","NA"
"ζ","ζ","7","NA","139891","76669","4.64","−1.17","473","B7V+...","NA","NA","NA","NA","NA"
"τ CrB","τ","16","NA","145328","79119","4.73","2.03","113","K0III-IV","NA","NA","NA","NA","NA"
"κ CrB","κ","11","NA","142091","77655","4.79","2.32","101","K0III-IV","1.51 (1.32–1.70)","5.0 (4.8–5.2) ","3.21±0.08 ","4877±25 ","NA"
"ξ CrB","ξ","19","NA","147677","80181","4.86","1.11","184","K0III","NA","NA","NA","NA","NA"
"ι CrB","ι","14","NA","143807","78493","4.98","−0.18","351","A0p...","NA","NA","NA","NA","NA"
"η CrB A","η","2","NA","137107","75312","4.99","3.64","61","G2V","1.19 ± 0.071","NA","NA","NA","1-2.5"
"μ CrB","μ","6","NA","139153","76307","5.14","−1.08","571","M2III","NA","NA","NA","NA","NA"
"ν","ν","20","NA","147749","80197","5.20","−0.96","555","M2III","NA","NA","NA","NA","NA"
"ρ CrB","ρ","15","NA","143761","78459","5.39","4.18","57","G2V","0.95 ","1.287 ± 0.084 ","NA","NA","6 billion years"
"ν","ν","21","NA","147767","80214","5.40","−0.72","545","K5III","NA","NA","NA","NA","NA"
"λ CrB","λ","12","NA","142908","78012","5.43","2.34","135","F0IV","NA","NA","NA","NA","NA"
"ο CrB","ο","1","NA","136512","75049","5.51","0.89","274","K0III","2.13 (1.90–2.14) ","10.5 (9.8–11.2) ","2.34 ± 0.06 ","4749 ± 20 ","? years"
"σ CrB A","σ","17","TZ","146361","79607","5.56","3.78","71","F8V","NA","NA","NA","NA","NA"
"π CrB","π","9","NA","140716","77048","5.57","1.16","249","G9III:","NA","NA","NA","NA","NA"
"υ CrB","υ","18","NA","146738","79757","5.80","−1.22","825","A3V","NA","NA","NA","NA","NA"
"η CrB B","η","2","NA","137108","NA","6.08","NA","NA","NA","1.19 ± 0.071","NA","NA","NA","1-2.5"
"σ CrB B","σ","17","NA","146362","NA","6.66","NA","NA","NA","NA","NA","NA","NA","NA"
"γ Crv","γ","4","NA","106625","59803","2.58","−0.94","165","B8III","0.8","NA","NA","NA","NA"
"β Crv","β","9","NA","109379","61359","2.65","−0.51","140","G5II","3.7 ± 0.1","16","2.52 ± 0.03","5,100 ± 80","2.06 × 10"
"δ Crv","δ","7","NA","108767","60965","2.94","0.79","88","B9.5V","NA","NA","NA","NA","NA"
"ε Crv","ε","2","NA","105707","59316","3.02","−1.82","303","K2III","3.2","52","2.16","NA","NA"
"α Crv","α","1","NA","105452","59199","4.02","3.17","48","F0IV/V","1.39","NA","4.13 ± 0.05","7,041 ± 53","NA"
"η Crv","η","8","NA","109085","61174","4.30","3.00","59","F2V","1.43 ± 0.05","1.2","NA","6700","NA"
"ζ Crv","ζ","5","NA","107348","60189","5.20","−0.16","385","B8V","NA","NA","NA","10695 ","NA"
"δ Crt","δ","12","NA","98430","55282","3.56","−0.32","195","K0III","NA","NA","NA","NA","NA"
"γ Crt","γ","15","NA","99211","55705","4.06","2.01","84","A9V","NA","NA","NA","NA","NA"
"α Crt","α","7","NA","95272","53740","4.08","0.44","174","K1III","2.5","6.5","3.1","4,620","NA"
"β Crt","β","11","NA","97277","54682","4.46","−0.10","266","A1V","NA","NA","NA","NA","NA"
"θ Crt","θ","21","NA","100889","56633","4.70","−0.15","305","B9.5Vn","NA","NA","NA","NA","NA"
"ζ Crt","ζ","27","NA","102070","57283","4.71","−0.45","350","G8III","NA","NA","NA","NA","NA"
"ε Crt","ε","14","NA","99167","55687","4.81","−0.43","364","K5III","NA","NA","NA","NA","NA"
"λ Crt","λ","13","NA","98991","55598","5.08","1.87","143","F3IV","NA","NA","NA","NA","NA"
"η Crt","η","30","NA","103632","58188","5.17","0.46","285","A0V","NA","NA","NA","NA","NA"
"ι Crt","ι","24","NA","101198","56802","5.48","3.32","88","F7V","NA","NA","NA","NA","NA"
"κ Crt","κ","16","NA","99564","55874","5.93","1.80","219","F4III-IV","NA","NA","NA","NA","NA"
"ψ Crt","ψ","NA","NA","97411","54742","6.11","0.28","479","A0V","NA","NA","NA","NA","NA"
"Deneb","α","50","NA","197345","102098","1.25","−8.73","1550","A2Ia","19 ± 4","203 ± 17","1.10 ± 0.05","8,525 ± 75","NA"
"γ Cyg","γ","37","NA","194093","100453","2.23","−6.12","1523","F8Ib","12.11 ± 0.71","150 ± 80","1.02 ± 0.10","5790 ± 100","1.2 × 10"
"ε Cyg","ε","53","NA","197989","102488","2.48","0.76","72","K0III","~2","10.82 ± 0.14","2.8","4,710","~1.5"
"δ Cyg","δ","18","NA","186882","97165","2.86","−0.74","171","B9.5III","2.6","2.8","3.95","10,120 ± 160","NA"
"Albireo A","β","6","NA","183912","95947","3.05","−2.31","385","K3II+...","5","70 ","4.00 ± 0.15","4,080±10","4×10"
"ζ Cyg","ζ","64","NA","202109","104732","3.21","−0.12","151","G8II SB","3.05","15","2.41","4,910","0.2"
"ξ Cyg","ξ","62","NA","200905","104060","3.72","−4.07","1177","K5Ibv SB","~8","NA","1.00","3,920","NA"
"τ Cyg","τ","65","NA","202444","104887","3.74","2.14","68","F1IV","1.65","2.48","3.87","6,600","NA"
"ι Cyg","ι","10","NA","184006","95853","3.76","0.89","122","A5Vn","1.65","2.48","3.87","6,600","NA"
"κ Cyg","κ","1","NA","181276","94779","3.80","0.91","123","K0III","NA","8–9","2.7","4,920","NA"
"ο","ο","31","V695","192577","99675","3.80","−4.29","1353","K2II+...","NA","NA","NA","NA","NA"
"η Cyg","η","21","NA","188947","98110","3.89","0.74","139","K0IIIvar","NA","NA","NA","NA","NA"
"ν Cyg","ν","58","NA","199629","103413","3.94","−1.25","356","A1Vn","NA","1.90 ","NA","NA","NA"
"ο","ο","32","V1488","192909","99848","3.96","−3.70","1109","K3Ib-II comp","7.45","184","0.78","3,840","< 20"
"ρ Cyg","ρ","73","NA","205435","106481","3.98","1.07","124","G8III","NA","4.40 ","NA","NA","NA"
"σ Cyg","σ","67","NA","202850","105102","4.22","−6.49","4528","B9Iab","15","54","1.85","10.800","16"
"π","π","81","NA","207330","107533","4.23","−3.52","1156","B3III","NA","NA","NA","NA","NA"
"υ Cyg","υ","66","NA","202904","105138","4.41","−2.80","901","B2Vne","NA","NA","NA","NA","NA"
"θ Cyg","θ","13","NA","185395","96441","4.49","3.14","61","F4V","0.33","NA","4.30","NA","NA"
"λ Cyg","λ","54","NA","198183","102589","4.53","−2.62","879","B6IV","NA","3.56 ","NA","NA","NA"
"63 Cyg","f","63","NA","201251","104194","4.56","−2.83","982","K4II","NA","NA","NA","NA","NA"
"φ Cyg","φ","12","NA","185734","96683","4.68","0.25","251","G8III-IV...","NA","7.80 ","NA","NA","NA"
"π","π","80","NA","206672","107136","4.69","−3.87","1680","B3IV","NA","7.80 ","NA","NA","NA"
"μ","μ","78","NA","206826","107310","4.69","2.94","73","F6V","NA","NA","NA","NA","NA"
"59 Cyg","f","59","V832","200120","103632","4.74","−2.95","1124","B1ne","NA","NA","NA","NA","NA"
"P Cyg","P","34","NA","193237","100044","4.77","−6.65","6269","B2pe","30","76","1.2","18,700","NA"
"ψ Cyg","ψ","24","NA","189037","98055","4.91","0.18","288","A4Vn","NA","NA","NA","NA","NA"
"28 Cyg","b","28","V1624","191610","99303","4.93","−2.18","860","B2.5V","NA","NA","NA","NA","NA"
"29 Cyg","b","29","V1644","192640","99770","4.93","1.86","134","A2V","NA","NA","NA","NA","NA"
"ω","ω","45","V2021","195556","101138","4.94","−2.19","869","B2.5IV","NA","NA","NA","NA","NA"
"20 Cyg","d","20","NA","188056","97635","5.03","1.18","192","K3IIIvar","NA","NA","NA","NA","NA"
"68 Cyg","A","68","V1809","203064","105186","5.04","NA","4600","O8e","23","NA","3.6","34,000","NA"
"26 Cyg","e","26","NA","190147","98571","5.06","−0.54","429","K1II-III","NA","NA","NA","NA","NA"
"Albireo B","β","6","NA","183914","95951","5.12","−0.19","376","B8V","5","70 ","4.00 ± 0.15","4,080±10","4×10"
"71 Cyg","g","71","NA","204771","106093","5.22","1.04","224","K0III","NA","NA","NA","NA","NA"
"27 Cyg","b","27","V2008","191026","99031","5.38","3.46","79","K0IV","NA","NA","NA","NA","NA"
"ω","ω","46","NA","195774","101243","5.44","−0.03","404","M2III","? ","? ","NA","? ","? years"
"16 Cyg A","c","16","NA","186408","96895","5.99","4.32","70","G2V","1.02 ","1.7 ","NA","5,803 ± 3.1","10.4 "
"μ","μ","78","NA","206827","NA","6.12","NA","NA","G2V","NA","NA","NA","NA","NA"
"16 Cyg","c","16","NA","186427","96901","6.25","4.60","70","G5V","1.02 ","1.7 ","NA","5,803 ± 3.1","10.4 "
"χ Cyg","χ","NA","NA","187796","97629","7.91","2.78","346","S7,1e:","NA","316","NA","3000","NA"
"β Del","β","6","NA","196524","101769","3.64","1.26","97","F5IV","NA","NA","3.50","NA","NA"
"α Del","α","9","NA","196867","101958","3.77","−0.57","241","B9V","NA","NA","NA","NA","NA"
"ε Del","ε","2","NA","195810","101421","4.03","−1.18","359","B6III","NA","4.6","NA","13,614 ± 15","NA"
"γ","γ","12","NA","197964","102532","4.27","1.81","101","K1IV","1.72/1.57","6.43/2.21","NA","4865/6303","NA"
"δ Del","δ","11","NA","197461","102281","4.43","0.45","203","A7IIIp d Del","NA","NA","NA","NA","NA"
"ζ Del","ζ","4","NA","196180","101589","4.64","0.43","227","A3V","2.5 ± 0.2 ","2.0 ","NA","8336 ","NA"
"ρ Aql","ρ","67","NA","192425","99742","4.94","1.58","153","A2V","NA","NA","4.07 ± 0.07","8,804 ± 95","50"
"κ Del","κ","7","NA","196755","101916","5.07","2.68","98","G5IV+...","NA","NA","4.07 ± 0.07","8,804 ± 95","50"
"γ","γ","12","NA","197963","102531","5.15","2.65","103","A2Ia+...","1.72/1.57","6.43/2.21","NA","4865/6303","NA"
"η Del","η","3","NA","195943","101483","5.39","1.77","173","A3IVs","1.72/1.57","6.43/2.21","NA","4865/6303","NA"
"ι Del","ι","5","NA","196544","101800","5.42","1.74","177","A2V","1.72/1.57","6.43/2.21","NA","4865/6303","NA"
"θ Del","θ","8","NA","196725","101882","5.69","−2.32","1304","K3Ib","NA","NA","NA","NA","NA"
"γ Dra","γ","33","NA","164058","87833","2.24","−1.04","148","K5III","1.72","48.15 ± 1.09","1.55","3,930","NA"
"η Dra","η","14","NA","148387","80331","2.73","0.58","88","G8III","2.55","11","2.82","5,055","550"
"β Dra","β","23","NA","159181","85670","2.79","−2.43","361","G2II","6.0 ± 0.2","40","1.86 ± 0.04","5,160 ± 150","65"
"δ Dra","δ","57","NA","180711","94376","3.07","0.63","100","G9III","2.32","11","2.98","4,820","0.8"
"ζ Dra","ζ","22","NA","155763","83895","3.17","−1.92","340","B6III","3.5","2.3","4.24","13,397","NA"
"ι Dra","ι","12","NA","137759","75458","3.29","0.81","102","K2III","1.82 ± 0.23","11.99 ± 0.06","2.5","4,545 ± 110","NA"
"χ Dra","χ","44","NA","170153","89937","3.55","4.02","26","F7Vvar","1.029 ± 0.026","1.20 ± 0.09","NA","6,150 ± 150","5.3"
"Thuban","α","11","NA","123299","68756","3.67","−1.21","309","A0III SB","2.8 + 2.2","3.4","3.95","10,371","NA"
"ξ Dra","ξ","32","NA","163588","87585","3.73","1.06","111","K2III","1.45 ± 0.17","12","2.3","4,445","NA"
"λ Dra","λ","1","NA","100029","56211","3.82","−1.23","334","M0IIIvar","1.45 ± 0.17","12","2.3","4,445","NA"
"ε Dra","ε","63","NA","188119","97433","3.84","0.59","146","G8III","2.7","10 ","NA","5,068 ","5.0"
"κ Dra","κ","5","NA","109387","61281","3.85","−2.07","498","B6IIIp","NA","5.6","NA","13800","NA"
"θ Dra","θ","13","NA","144284","78527","4.01","2.41","68","F8IV-V","1.21","2.5","4.13","6,290","3.1"
"φ Dra","φ","43","NA","170000","89908","4.22","−0.52","289","A0p (Si)","2.99 ± 0.10","2.7 ± 0.2","4.21 ± 0.08","11,429","NA"
"τ Dra","τ","60","NA","181984","94648","4.45","1.14","150","K3III","NA","NA","NA","NA","NA"
"ρ Dra","ρ","67","NA","190940","98702","4.51","−0.97","406","K3III","NA","NA","NA","NA","NA"
"ψ","ψ","31","NA","162003","86614","4.57","2.85","72","F5IV-V","1.32/1.23 ","1.8/1.34 ","NA","6,590/6,240 ","?4.9 "
"CU Dra","i","10","CU","121130","67627","4.58","−0.82","391","M3III","NA","NA","NA","NA","NA"
"π Dra","π","58","NA","182564","95081","4.60","0.41","225","A2IIIs","NA","NA","NA","NA","NA"
"ο Dra","ο","47","NA","175306","92512","4.63","−0.34","322","K0II-III SB","1.35","25.1","1.769","6,000","3.0"
"σ Dra","σ","61","NA","185144","96100","4.67","5.87","19","K0V","0.87","0.778 ± 0.008","4.60","5,299 ± 32","4.7"
"ω Dra","ω","28","NA","160922","86201","4.77","2.92","76","F5V","NA","NA","NA","NA","NA"
"45 Dra","d","45","NA","171635","90905","4.77","−4.96","2885","F7Ib","8.2","62","2.1","6,151","33"
"υ Dra","υ","52","NA","176524","92782","4.82","−0.30","344","K0III","NA","NA","NA","NA","NA"
"18 Dra","g","18","NA","151101","81660","4.84","−1.76","681","K1p","NA","NA","NA","NA","NA"
"ν","ν","25","NA","159560","85829","4.86","2.43","100","Am","NA","NA","NA","NA","NA"
"19 Dra","h","19","NA","153597","82860","4.88","3.99","49","F6Vvar","NA","NA","NA","NA","NA"
"ν","ν","24","NA","159541","85819","4.89","2.48","99","Am...","NA","NA","NA","NA","NA"
"μ Dra A","μ","21","NA","154905","83608","4.91","2.76","88","F5","NA","NA","NA","NA","NA"
"15 Dra","A","15","NA","149212","80650","4.94","−0.95","491","A0III","NA","NA","NA","NA","NA"
"39 Dra","b","39","NA","170073","90156","4.98","1.17","188","A3V","NA","NA","NA","NA","NA"
"46 Dra","c","46","NA","173524","91755","5.03","−0.21","364","B9.5p...","NA","NA","NA","NA","NA"
"27 Dra","f","27","NA","159966","85805","5.07","0.95","217","K0III","NA","NA","NA","NA","NA"
"64 Dra","e","64","NA","190544","98583","5.22","−0.97","564","M1III","NA","NA","NA","NA","NA"
"ψ","ψ","34","NA","164613","87728","5.43","−1.30","723","F2.5II-III","NA","NA","NA","NA","NA"
"μ Dra B","μ","21","NA","154906","NA","5.80","NA","NA","NA","NA","NA","NA","NA","NA"
"ψ","ψ","31","NA","162004","86620","5.81","4.07","73","G0V","1.32/1.23 ","1.8/1.34 ","NA","6,590/6,240 ","?4.9 "
"α Equ","α","8","NA","202447","104987","3.92","0.14","186","G0III+...","NA","NA","NA","NA","NA"
"δ Equ","δ","7","NA","202275","104858","4.47","3.14","60","F5V+...","1.22 / 1.17 ","1.19 / 0.525 ","NA","NA","NA"
"γ Equ","γ","5","NA","201601","104521","4.70","1.97","115","F0p","NA","2.20 ± 0.12","4.47","8,574","NA"
"β Equ","β","10","NA","203562","105570","5.16","−0.05","360","A3V","NA","1.5","NA","NA","NA"
"ε Equ","ε","1","NA","199766","103569","5.30","1.40","197","F5III...","0.96 ","3.5 ","NA","approx 6000 ","NA"
"ζ Equ","ζ","3","NA","200644","104031","5.63","−0.99","688","K5III","NA","63","NA","3,893","NA"
"λ Equ","λ","2","NA","200256","103813","6.72","1.68","332","F8","NA","NA","NA","NA","NA"
"Pollux","β","78","NA","62509","37826","1.16","1.09","34","K0III","NA","NA","NA","NA","724"
"Castor A","α","66","NA","60179A","36850","1.90","1.05","52","A2Vm","2.76","2.4","4.2","10,286","370"
"γ Gem","γ","24","NA","47105","31681","1.93","−0.60","105","A0IV","2.81","3.3","3.60","9,260","NA"
"μ Gem","μ","13","NA","44478","30343","2.87","−1.39","232","M3.0III","2.1","NA","1.50","3,773","NA"
"Castor B","α","66","NA","60178","NA","2.88","NA","NA","NA","2.76","2.4","4.2","10,286","370"
"ε Gem","ε","27","NA","48329","32246","3.06","−4.15","903","G8Ib","19.2 ± 0.1","140 ± 35","0.88 ± 0.05","4,662 ± 36","8.3 ± 0.1"
"η Gem","η","7","NA","42995","29655","3.31","−1.84","349","M3III","NA","NA","NA","NA","NA"
"ξ Gem","ξ","31","NA","48737","32362","3.35","2.13","57","F5IV","1.706 ± 0.012","2.710 ± 0.021","3.81 ± 0.02","6,480 ± 39","1.5"
"δ Gem","δ","55","NA","56986","35550","3.50","2.22","59","F0IV...","1.57","NA","NA","6,900","1.6"
"κ Gem","κ","77","NA","62345","37740","3.57","0.35","143","G8III","NA","NA","NA","NA","NA"
"λ Gem","λ","54","NA","56537","35350","3.58","1.27","94","A3V...","2.098","2.7773 ± 0.0469","NA","7,932 ± 62","0.8"
"θ Gem","θ","34","NA","50019","33018","3.60","−0.30","197","A3III","NA","NA","NA","NA","NA"
"ι Gem","ι","60","NA","58207","36046","3.78","0.85","126","G9III+...","NA","NA","NA","NA","NA"
"ζ Gem","ζ","43","NA","52973","34088","4.01","−3.76","1168","G1Ib","7.7 ± 0.3","NA","1.9","5,260–5,780","70 ± 25"
"υ Gem","υ","69","NA","60522","36962","4.06","−0.28","240","K5III","NA","NA","NA","NA","NA"
"ν Gem A","ν","18","NA","45542","30883","4.13","−1.81","502","B6III","NA","NA","NA","NA","NA"
"ρ Gem","ρ","62","NA","58946","36366","4.16","2.82","60","F0V...","1.355 ± 0.013","1.655 ± 0.028","4.11 ± 0.03","6899 ± 63","2.1 ± 0.2"
"σ Gem","σ","75","NA","62044","37629","4.23","1.36","122","K1III SB","NA","NA","NA","NA","NA"
"τ Gem","τ","46","NA","54719","34693","4.41","−0.42","302","K2III","1.98","27","2.22","4,528","NA"
"38 Gem","e","38","NA","50635","33202","4.71","2.48","91","F0Vp","NA","NA","NA","NA","NA"
"ο Gem","ο","71","NA","61110","37265","4.89","1.46","158","F3III","NA","NA","NA","6309 K","1 Gy"
"81 Gem","g","81","NA","62721","37908","4.89","−0.21","341","K5III","NA","NA","NA","NA","NA"
"χ Gem","χ","NA","NA","66216","39424","4.94","0.45","258","K2III","NA","NA","NA","NA","NA"
"φ Gem","φ","83","NA","64145","38538","4.97","0.51","254","A3V","NA","NA","NA","NA","NA"
"65 Gem","b","65","NA","59148","36429","5.01","−0.34","383","K2III","NA","NA","NA","NA","NA"
"57 Gem","A","57","NA","57727","35846","5.04","1.67","154","G8III","NA","NA","NA","NA","NA"
"74 Gem","f","74","NA","61338","37300","5.04","−1.02","532","M0III","NA","NA","NA","NA","NA"
"π Gem","π","80","NA","62898","38016","5.14","−1.04","562","M0III","NA","NA","NA","NA","NA"
"ω Gem","ω","42","NA","52497","33927","5.20","−3.33","1655","G5II","NA","NA","NA","NA","NA"
"36 Gem","d","36","NA","49908","32921","5.28","−0.77","529","A2V","NA","NA","NA","NA","NA"
"76 Gem","c","76","NA","62285","37704","5.30","−1.01","595","K5III","NA","NA","NA","NA","NA"
"ν Gem B","ν","18","NA","257937","NA","8.00","NA","NA","NA","NA","NA","NA","NA","NA"
"Castor C","α","66","YY","60179C","NA","9.64","8.79","52","dM1e+dM1e","2.76","2.4","4.2","10,286","370"
"α Lac","α","7","NA","213558","111169","3.76","1.28","102","A1V","2.194","2.1432","NA","NA","400"
"β Lac","β","3","NA","212496","110538","4.42","0.84","170","G9III","NA","10.7 ± 0.3","NA","NA","NA"
"46 LMi","o","46","NA","94264","53229","3.79","1.41","98","K0III-IV","NA","8.2 ± 0.2","2.96","4,670","NA"
"β LMi","β","31","NA","90537","51233","4.20","0.95","146","G8III-IV","~2","7.8","NA","5075","NA"
"α Lep","α","11","NA","36673","25985","2.58","−5.40","1283","F0Ib","13.9 ± 0.8","129","1.34 ± 0.07","6,850 ± 80","13"
"β Lep","β","9","NA","36079","25606","2.81","−0.63","159","G5II","3.5 ± 0.1","16","2.60 ± 0.03","5,450 ± 100","240"
"ε Lep","ε","2","NA","32887","23685","3.19","−1.02","227","K4III","1.70 ± 0.19","40.1 ± 3.2","1.43 ± 0.09","4,131","1.72 ± 0.47"
"μ Lep","μ","5","NA","33904","24305","3.29","−0.47","184","B9IV: HgMn","NA","3.39 ± 0.16","3.85","12,800","NA"
"ζ Lep","ζ","14","NA","38678","27288","3.55","1.89","70","A2Vann","1.46","1.5","4.41","NA","NA"
"γ Lep","γ","13","NA","38393","27072","3.59","3.83","29","F7V","1.23 ± 0.05","1.33 ± 0.04","4.10","6,299","1.3"
"η Lep","η","16","NA","40136","28103","3.71","2.82","49","F1V","1.42 (1.38 to 1.47)","1.5","NA","6900","1.8 (1.5 to 1.9)"
"δ Lep","δ","15","NA","39364","27654","3.76","1.08","112","G8III/IV","NA","NA","NA","NA","NA"
"λ Lep","λ","6","NA","34816","24845","4.29","−3.30","1076","B0.5IV","NA","NA","4.30 ± 0.05","30,400 ± 300","NA"
"κ Lep","κ","4","NA","33949","24327","4.36","−1.81","559","B7V","NA","NA","NA","NA","NA"
"ι Lep","ι","3","NA","33802","24244","4.45","0.11","241","B8V","NA","NA","NA","NA","NA"
"θ Lep","θ","18","NA","41695","28910","4.67","1.08","170","A0V","NA","NA","NA","NA","NA"
"ν Lep","ν","7","NA","34863","24873","5.29","0.25","332","B7/B8V","NA","NA","NA","NA","NA"
"β Lib","β","27","NA","135742","74785","2.61","−0.84","160","B8V","NA","4.9","NA","NA","NA"
"α","α","9","NA","130841","72622","2.75","0.88","77","A3IV","1.4–1.5/0.5–0.6","NA","4.25","6,745","NA"
"σ Lib","σ","20","NA","133216","73714","3.25","−1.51","292","M3/M4III","2.1","NA","0.9 ± 0.3","3,600","NA"
"υ Lib","υ","39","NA","139063","76470","3.60","−0.28","195","K3III","NA","NA","NA","NA","NA"
"τ Lib","τ","40","NA","139365","76600","3.66","−2.01","445","B2.5V","NA","NA","NA","NA","NA"
"γ Lib","γ","38","NA","138905","76333","3.91","0.56","152","K0III","NA","NA","NA","NA","NA"
"θ Lib","θ","46","NA","142198","77853","4.13","0.64","163","K0III","1.84","NA","2.99","4,700","NA"
"ι","ι","24","NA","134759","74392","4.54","−0.77","376","Asp...","NA","NA","NA","NA","NA"
"κ Lib","κ","43","NA","139997","76880","4.75","−0.69","400","K5III","NA","NA","NA","NA","NA"
"δ Lib","δ","19","NA","132742","73473","4.91","0.06","304","B9.5V","NA","NA","NA","NA","NA"
"ε Lib","ε","31","NA","137052","75379","4.92","2.37","106","F5IV","NA","NA","NA","NA","NA"
"λ Lib","λ","45","NA","142096","77811","5.03","−0.16","356","B3V","NA","NA","NA","NA","NA"
"α","α","8","NA","130819","72603","5.15","3.28","77","F3V","1.4–1.5/0.5–0.6","NA","4.25","6,745","NA"
"ν Lib","ν","21","NA","133774","73945","5.19","−1.66","765","K5III","1.4–1.5/0.5–0.6","NA","4.25","6,745","NA"
"μ Lib","μ","7","NA","130559","72489","5.32","1.03","235","Ap","1.4–1.5/0.5–0.6","NA","4.25","6,745","NA"
"η Lib","η","44","NA","140417","77060","5.41","2.14","147","A6IV","1.4–1.5/0.5–0.6","NA","4.25","6,745","NA"
"ξ","ξ","15","NA","131918","73133","5.48","−0.61","538","K4III","1.4–1.5/0.5–0.6","NA","4.25","6,745","NA"
"ζ","ζ","35","NA","138485","76126","5.53","−1.33","769","B3V","1.4–1.5/0.5–0.6","NA","4.25","6,745","NA"
"ζ","ζ","32","NA","137744","75730","5.64","−1.58","908","K4III","1.4–1.5/0.5–0.6","NA","4.25","6,745","NA"
"ξ","ξ","13","NA","131530","72934","5.78","0.54","365","G7III","1.4–1.5/0.5–0.6","NA","4.25","6,745","NA"
"ζ","ζ","34","NA","138137","75944","5.82","−0.37","564","K0III","1.4–1.5/0.5–0.6","NA","4.25","6,745","NA"
"ι","ι","25","NA","134967","74493","6.07","1.93","219","A2V","1.4–1.5/0.5–0.6","NA","4.25","6,745","NA"
"ο Lib","ο","29","NA","136407","75118","6.14","2.45","178","F2V","1.4–1.5/0.5–0.6","NA","4.25","6,745","NA"
"α Lup","α","NA","NA","129056","71860","2.30","−3.83","548","B1.5III","10.1 ± 1.0","NA","3.46","21,820 ± 2,160","16–20"
"β Lup","β","NA","NA","132058","73273","2.68","−3.35","523","B2III","8.8 ± 0.2","6.6","3.76","24,090","24.6 ± 2.7"
"γ Lup","γ","NA","NA","138690","76297","2.80","−3.40","567","B2IV","9.5 ± 0.2","NA","3.96","20,900","18.6 ± 2.4"
"δ Lup","δ","NA","NA","136298","75141","3.22","−2.75","510","B1.5IV","11.9 ± 0.2","6.1","3.86","22,908","15.4 ± 1.3"
"ε Lup","ε","NA","NA","136504","75264","3.37","−2.58","504","B2IV-V","NA","NA","3.89 ± 0.17","19,275 ± 1800","NA"
"ζ Lup","ζ","NA","NA","134505","74395","3.41","0.65","116","G8III","NA","NA","NA","NA","NA"
"η Lup","η","NA","NA","143118","78384","3.42","−2.48","493","B2.5IV","NA","NA","NA","NA","NA"
"ι Lup","ι","NA","NA","125238","69996","3.55","−1.61","352","B2.5IV","NA","NA","NA","NA","NA"
"φ","φ","NA","NA","136422","75177","3.57","−1.43","326","K5III","NA","NA","NA","NA","NA"
"κ","κ","NA","NA","134481","74376","3.88","0.14","182","B9V","NA","NA","NA","NA","NA"
"π Lup","π","NA","NA","133242","73807","3.91","−2.01","497","B5","NA","NA","NA","NA","NA"
"χ Lup","χ","5","NA","141556","77634","3.97","−0.03","206","B9.5III-IV","NA","3.70","4.08","10,200","NA"
"ρ Lup","ρ","NA","NA","128345","71536","4.05","−0.84","310","B5V","NA","NA","NA","NA","NA"
"λ Lup","λ","NA","NA","133955","74117","4.07","−1.41","406","B3V","NA","NA","NA","NA","NA"
"θ Lup","θ","NA","NA","144294","78918","4.22","−1.28","411","B2.5Vn","NA","NA","NA","NA","NA"
"μ Lup","μ","NA","NA","135734","74911","4.27","−0.48","291","B8V","NA","NA","NA","NA","NA"
"ο Lup","ο","NA","NA","130807","72683","4.32","−1.16","408","B5IV","NA","NA","NA","NA","NA"
"τ","τ","NA","NA","126354","70576","4.33","−0.59","314","A7:+...","NA","NA","NA","NA","NA"
"ω Lup","ω","NA","NA","139127","76552","4.34","0.10","230","K4.5III","NA","NA","NA","NA","NA"
"2 Lup","f","2","NA","135758","74857","4.35","−0.53","308","K1II/III","NA","NA","NA","NA","NA"
"σ Lup","σ","NA","NA","127381","71121","4.44","−1.79","574","B2III","NA","NA","NA","NA","NA"
"φ","φ","NA","NA","136664","75304","4.54","−1.81","606","B4V","NA","NA","NA","NA","NA"
"KT Lup","d","NA","KT","138769","76371","4.55","−1.07","434","B3IVp","NA","NA","NA","NA","NA"
"τ","τ","NA","NA","126341","70574","4.56","−2.95","1035","B2IV","NA","NA","NA","NA","NA"
"HD 137058","k","NA","NA","137058","75501","4.60","−0.70","374","A0V","NA","NA","NA","NA","NA"
"HD 139664","g","NA","NA","139664","76829","4.64","3.42","57","F5IV-V","NA","0.91","NA","NA","NA"
"ψ","ψ","3","NA","139521","76705","4.66","0.28","245","G8/K0III","2.42","13","NA","4,930","NA"
"ψ","ψ","4","NA","140008","76945","4.75","−0.67","396","B5V","NA","NA","NA","NA","NA"
"HD 134687","e","NA","NA","134687","74449","4.83","−0.89","454","B3IV","NA","NA","NA","NA","NA"
"1 Lup","i","1","NA","135153","74604","4.91","−2.81","1140","F3III","NA","NA","NA","6,867","NA"
"ν","ν","NA","NA","136351","75206","4.99","2.32","111","F8V","NA","NA","NA","NA","NA"
"ξ","ξ","NA","NA","142629","78105","5.14","1.21","199","A3V","NA","NA","NA","NA","NA"
"HD 129893","b","NA","NA","129893","72290","5.22","0.72","259","G6III","NA","NA","NA","NA","NA"
"HD 139980","h","NA","NA","139980","76939","5.23","0.63","271","G8/K0III","NA","NA","NA","NA","NA"
"υ Lup","υ","NA","NA","136933","75439","5.36","0.00","384","Ap...","NA","NA","NA","NA","NA"
"HD 131562","c","NA","NA","131562","73095","5.38","1.27","216","A2III","NA","NA","NA","NA","NA"
"HD 128266","a","NA","NA","128266","71500","5.39","−2.67","1336","K0III","NA","NA","NA","NA","NA"
"ξ","ξ","NA","NA","142630","78106","5.59","1.70","196","B9V","NA","NA","NA","NA","NA"
"ν","ν","NA","NA","136352","75181","5.65","4.83","47","G2V","0.91 ± 0.03","1.04 ± 0.04","4.39 ± 0.02","5664 ± 14","10.36 ± 2.30"
"κ","κ","NA","NA","134482","74380","5.70","1.84","193","A3IV","NA","NA","NA","NA","NA"
"α Lyn","α","40","NA","80493","45860","3.14","−1.02","222","K7IIIvar","NA","54.50 ± 3.02","1.5","3,882","NA"
"ψ","(ψ","16","NA","50973","33485","4.90","0.71","225","A2Vn","NA","NA","NA","NA","NA"
"Vega","α","3","NA","172167","91262","0.03","0.58","25","A0Vvar","2.135 ± 0.074","2.362 × 2.818","4.1 ± 0.1","9,602 ± 180","455 ± 13"
"γ Lyr","γ","14","NA","176437","93194","3.25","−3.20","634","B9III","NA","15","3.5","10,080","NA"
"β Lyr","β","10","NA","174638","92420","3.52","−3.64","881","A8:V comp SB","13.16 ± 0.3","6.0 ± 0.2","4.0 ± 0.1","30,000 ± 2,000","23 "
"δ","δ","12","NA","175588","92791","4.22","−2.98","898","M4IIvar","7.3","286","0","3,550","NA"
"κ Lyr","κ","1","NA","168775","89826","4.33","0.02","238","K2IIIvar","NA","16","2.51","4,638","NA"
"ζ","ζ","6","NA","173648","91971","4.34","0.97","154","Am","NA","NA","NA","NA","NA"
"θ Lyr","θ","21","NA","180809","94713","4.35","−2.51","769","K0II","NA","NA","1.93","NA","NA"
"η Lyr","η","20","NA","180163","94481","4.43","−3.09","1042","B2.5IV","NA","NA","NA","NA","NA"
"ε","ε","5","NA","173607","91926","4.60","1.13","160","A8Vn","NA","NA","NA","NA","NA"
"ε","ε","4","NA","173582","91919","4.67","1.19","162","F1V","NA","NA","NA","NA","NA"
"λ Lyr","λ","15","NA","176670","93279","4.94","−3.43","1538","K3III","6.3 ± 0.8","120","2.21","4,220","58.4 ± 22.6"
"μ Lyr","μ","2","NA","169702","90191","5.11","−0.55","441","A3IVn","NA","NA","NA","8190","NA"
"ν Lyr","ν, ν","9","NA","174602","92405","5.22","0.90","238","A3V","NA","NA","NA","NA","NA"
"ι Lyr","ι","18","NA","178475","93903","5.25","−1.78","832","B6IV","NA","NA","NA","NA","NA"
"ε","ε","5","NA","173608","NA","5.37","NA","NA","NA","NA","NA","NA","NA","NA"
"δ","δ","11","NA","175426","92728","5.58","−2.02","1079","B2.5V","NA","NA","NA","NA","NA"
"ζ","ζ","7","NA","173649","91973","5.73","2.41","150","F0IVvar","NA","NA","NA","NA","NA"
"ν","ν","8","NA","174585","92398","5.93","−1.52","1009","B3IV","NA","NA","NA","NA","NA"
"ε","ε","4","NA","173583","NA","6.02","NA","NA","NA","NA","NA","NA","NA","NA"
"β Lyr","β","10","NA","174664","NA","7.20","NA","NA","NA","13.16 ± 0.3","6.0 ± 0.2","4.0 ± 0.1","30,000 ± 2,000","23 "
"β Lyr","β","10","NA","174639","NA","13.40","NA","NA","NA","13.16 ± 0.3","6.0 ± 0.2","4.0 ± 0.1","30,000 ± 2,000","23 "
"α Mon","α","26","NA","61935","37447","3.94","0.71","144","K0III","2.02 ± 0.29","10.1 ± 0.5","2.71 ± 0.09","4,879","1.18 ± 0.42"
"γ Mon","γ","5","NA","43232","29651","3.99","−2.49","644","K3III","NA","NA","NA","NA","NA"
"δ Mon","δ","22","NA","55185","34769","4.15","−1.15","375","A2V","NA","NA","NA","NA","NA"
"ζ Mon","ζ","29","NA","67594","39863","4.36","−4.41","1852","G2Ib","NA","NA","NA","NA","NA"
"ε Mon","ε","8","NA","44769","30419","4.39","1.41","128","A5IV","NA","NA","NA","NA","NA"
"β Mon A","β","11","NA","45725","30867","4.60","−2.03","691","B3Ve","7","NA","NA","NA","NA"
"β Mon B","β","11","NA","45726","NA","5.40","NA","NA","NA","7","NA","NA","NA","NA"
"β Mon C","β","NA","NA","45727","NA","5.60","NA","NA","NA","7","NA","NA","NA","NA"
"ε Mon","ε","NA","NA","44770","30422","6.72","4.79","79","F5V","NA","NA","NA","NA","NA"
"Rigel","β","19","NA","34085","24436","0.18","−6.69","773","B8Ia + B9V + B9V","3.84","NA","NA","NA","NA"
"Betelgeuse","α","58","NA","39801","27989","0.42","−6.02","643","M2Ib","NA","955","−0.5","NA","8.0 – 8.5"
"Bellatrix","γ","24","NA","35468","25336","1.64","−2.72","243","B2III","NA","6","3.60","NA","NA"
"Alnilam","ε","46","NA","37128","26311","1.69","−6.38","1342","B0Ia","30-64.5","28.6-42.0","3.0","27,000","5.7"
"Alnitak A","ζ","50","NA","37742","26727","1.88","-6.0","817","O9.7Ib","33/14","20/7.3","NA","28,000/28,000","~7"
"Saiph","κ","53","NA","38771","27366","2.07","−4.65","721","B0.5Ia","15.50 ± 1.25","22.2","2.9","26,500","11.1 ± 0.5"
"Mintaka AB","δ","34","NA","36486","25930","2.20","-5.8","916","B0III+O9V","24","16.5","3.37 ± 0.15","29,500 ± 500","NA"
"ι Ori","ι","44","NA","37043","26241","2.75","−5.30","1325","O9III","23.1","8.3","3.73","32,500","4.0–5.5"
"π","π","1","NA","30652","22449","3.19","3.67","26","F6V","1.236","1.323 ± 0.004","4.4","6,516 ± 19","1.4"
"η Ori","η","28","NA","35411","25281","3.35","−3.86","901","B1V + B2","20 ","10 ","NA","NA","NA"
"Meissa A","λ","39","NA","36861","26207","3.47","-4.25","1055","O8III","27.9 ± 3.3","10.0","43.90","37,689","1.8"
"τ Ori","τ","20","NA","34503","24674","3.59","−2.56","554","B5III","NA","NA","NA","NA","NA"
"π","π","3","NA","30836","22549","3.68","−4.25","1259","B2III","NA","9.1","3.5","21,874 ± 126","NA"
"Alnitak BC","ζ","50","NA","37743","26727","3.70","-3.29","817","B0III+B1IV","33/14","20/7.3","NA","28,000/28,000","~7"
"π","π","8","NA","31237","22797","3.71","−4.36","1342","B2III","NA","NA","NA","NA","NA"
"σ Ori AB","σ","48","NA","37468","26549","3.77","−3.96","1148","O9.5V","18 ","5.6 ","4.20 ","35,000 ","300,000 years"
"ο","ο","9","NA","31421","22957","4.06","0.48","169","K2III","NA","NA","NA","NA","NA"
"φ","φ","40","NA","37160","26366","4.09","1.33","116","G8III-IV","NA","NA","NA","NA","NA"
"μ Ori","μ","61","NA","40932","28614","4.12","0.78","152","Am...","2.38 ","2.85 ","NA","8,300 ","NA"
"29 Ori","e","29","NA","35369","25247","4.13","0.49","174","G8III","NA","NA","NA","NA","NA"
"32 Ori","A","32","NA","36267","25813","4.20","−0.53","288","B5V","NA","NA","NA","NA","NA"
"π","π","2","NA","30739","22509","4.35","0.48","194","A1Vn","NA","NA","NA","NA","NA"
"φ","φ","37","NA","36822","26176","4.39","−3.01","985","B0IV...","NA","NA","NA","NA","NA"
"χ","χ","54","NA","39587","27913","4.39","4.67","28","G0V","NA","0.979 ± 0.009","NA","5,955 ± 6.1","300–400"
"ν Ori","ν","67","NA","41753","29038","4.42","−1.65","534","B3IV","NA","0.979 ± 0.009","NA","5,955 ± 6.1","300–400"
"ξ Ori","ξ","70","NA","42560","29426","4.45","−2.00","634","B3IV","NA","NA","NA","21,000 ","NA"
"ρ Ori","ρ","17","NA","33856","24331","4.46","−0.65","344","K3III...","NA","NA","NA","NA","NA"
"π","π","10","NA","31767","23123","4.47","−2.86","953","K2IIvar","NA","NA","NA","NA","NA"
"ω Ori","ω","47","NA","37490","26594","4.50","−3.98","1622","B3IIIe","NA","NA","NA","NA","NA"
"42 Ori","c","42","NA","37018","26237","4.58","−2.33","786","B2III...","NA","NA","NA","NA","NA"
"ψ Ori","ψ","30","NA","35715","25473","4.59","−3.60","1417","B2IV","NA","NA","NA","NA","NA"
"υ Ori","υ","36","NA","36512","25923","4.62","−3.76","1545","B0V","NA","NA","4.30 ± 0.05","33,400 ± 200","NA"
"π","π","7","NA","31295","22845","4.64","1.80","121","A0V","NA","NA","NA","NA","NA"
"χ","χ","62","NA","41117","28716","4.64","-7.6","1801","B2Ia","42.3 ± 1.0","61.9","2.35","19,000","5 ± 0.6"
"ο","ο","4","NA","30959","22667","4.71","−1.39","542","M3Sv","NA","NA","NA","NA","NA"
"22 Ori","o","22","NA","35039","25044","4.72","−3.26","1289","B2IV-V","NA","NA","NA","NA","NA"
"49 Ori","d","49","NA","37507","26563","4.77","1.41","153","A4V","NA","NA","NA","NA","NA"
"25 Ori","ψ","25","V1086","35439","25302","4.89","−2.77","1109","B1V:pe","10.5","6.4","4.0","24,661 ± 339","~100"
"51 Ori","b","51","NA","37984","26885","4.90","0.07","302","K1III","NA","NA","NA","NA","NA"
"69 Ori","f","69","NA","42545","29434","4.95","−1.93","774","B5Vn","NA","NA","NA","NA","NA"
"θ","θ","43","NA","37041","26235","4.98","−3.84","1895","O9.5Vpe","39","4.3","4.30","34,900","<2"
"23 Ori","m","23","NA","35149","25142","5.00","−2.35","962","B1V","NA","NA","NA","NA","NA"
"74 Ori","k","74","NA","43386","29800","5.04","3.58","64","F5IV-V","NA","NA","NA","NA","NA"
"27 Ori","p","27","NA","35410","25282","5.07","1.46","172","K0III","NA","NA","NA","NA","NA"
"θ","θ","41","NA","37022","26221","5.13","-4.9","1600","O6Vpe","33 ± 5","10.6 ± 1.5","4.1","39,000 ± 1,000","2.5 ± 0.5"
"6 Ori","g","6","NA","31283","22833","5.18","0.84","241","A3V","33 ± 5","10.6 ± 1.5","4.1","39,000 ± 1,000","2.5 ± 0.5"
"38 Ori","n","38","NA","36777","26126","5.32","0.20","345","A2V","33 ± 5","10.6 ± 1.5","4.1","39,000 ± 1,000","2.5 ± 0.5"
"14 Ori","i","14","NA","33054","23879","5.33","1.46","194","Am","33 ± 5","10.6 ± 1.5","4.1","39,000 ± 1,000","2.5 ± 0.5"
"72 Ori","f","72","NA","43153","29704","5.34","−0.50","479","B7V","33 ± 5","10.6 ± 1.5","4.1","39,000 ± 1,000","2.5 ± 0.5"
"75 Ori","l","75","NA","43525","29850","5.39","0.93","254","A2V","33 ± 5","10.6 ± 1.5","4.1","39,000 ± 1,000","2.5 ± 0.5"
"16 Ori","h","16","NA","33254","23983","5.43","1.77","176","A2m","33 ± 5","10.6 ± 1.5","4.1","39,000 ± 1,000","2.5 ± 0.5"
"33 Ori","n","33","NA","36351","25861","5.46","−2.95","1567","B1.5V","33 ± 5","10.6 ± 1.5","4.1","39,000 ± 1,000","2.5 ± 0.5"
"Meissa B","λ","39","NA","36862","26207","6.32","-1.94","1055","B0.5V","27.9 ± 3.3","10.0","43.90","37,689","1.8"
"θ","θ","43","NA","37042","NA","6.38","NA","1895","B2-B5","39","4.3","4.30","34,900","<2"
"σ Ori E","σ","48","V1030","37479","NA","6.61","NA","1148","B2Vp","18 ","5.6 ","4.20 ","35,000 ","300,000 years"
"σ Ori D","σ","48","NA","37468","NA","6.62","NA","1148","B2V","18 ","5.6 ","4.20 ","35,000 ","300,000 years"
"θ","θ","41","NA","37023","26224","6.71","NA","1600","B1.5Vp","18 ","5.6 ","4.20 ","35,000 ","300,000 years"
"θ","θ","41","NA","37020","26220","6.73","NA","1600","B0.5V","NA","NA","NA","NA","NA"
"Mintaka C","δ","34","NA","36485","25930","6.83","NA","916","B2V","24","16.5","3.37 ± 0.15","29,500 ± 500","NA"
"θ","θ","41","BM","37021","NA","7.96","NA","1600","B1V","24","16.5","3.37 ± 0.15","29,500 ± 500","NA"
"σ Ori C","σ","48","NA","NA","NA","8.79","NA","1148","A2V","18 ","5.6 ","4.20 ","35,000 ","300,000 years"
"θ","θ","41","NA","NA","NA","11.4","NA","1600","G2IV+G2IV","18 ","5.6 ","4.20 ","35,000 ","300,000 years"
"LV 2","θ","41","NA","NA","NA","13.68","NA","1600","K0.7","18 ","5.6 ","4.20 ","35,000 ","300,000 years"
"α Per","α","33","NA","20902","15863","1.79","−4.50","592","F5Ib","8.5 ± 0.3","68 ± 3","1.90 ± 0.04","6,350 ± 100","41"
"Algol","β","26","NA","19356","14576","2.09","−0.18","93","B8V","3.17 ± 0.21","2.73 ± 0.20","4.0","13,000","570"
"ζ Per","ζ","44","NA","24398","18246","2.84","−4.55","982","B1Ib","14.5 ± 1.9","26–27","NA","20,800","12.6 ± 1.5"
"ε Per","ε","45","NA","24760","18532","2.90","−3.19","538","B0.5V","13.5 ± 2.0","7.66","NA","26,500","15.4 ± 0.6"
"γ Per A","γ","23","NA","18925","14328","2.91","−1.57","256","G8III+...","2.7","NA","2.83","5,170","NA"
"γ Per B","γ","23","NA","18926","NA","3.00","NA","NA","NA","2.7","NA","2.83","5,170","NA"
"δ Per","δ","39","NA","22928","17358","3.01","−3.04","528","B5III SB","7.0 ± 0.3","10.5","3.5","14,890","50.1 ± 6.8"
"ρ Per","ρ","25","NA","19058","14354","3.32","−1.67","325","M3IIIvar","5.0","150","1.0","4,111","4.4 × 10"
"η Per","η","15","NA","17506","13268","3.77","−4.28","1331","K3Ib comp SB","NA","44","NA","4,047","NA"
"ν Per","ν","41","NA","23230","17529","3.77","−2.39","556","F5IIvar","NA","NA","NA","NA","NA"
"κ Per","κ","27","NA","19476","14668","3.79","1.11","112","K0III","NA","NA","NA","NA","NA"
"ο Per","ο","38","NA","23180","17448","3.84","−4.44","1475","B1III","NA","NA","NA","NA","NA"
"τ Per A","τ","18","NA","17878","13531","3.93","−0.48","248","G4III...","NA","NA","NA","NA","NA"
"48 Per","c","48","MX","25940","19343","3.96","−2.19","553","B3Ve","NA","NA","NA","NA","NA"
"ξ Per","ξ","46","NA","24912","18614","3.98","−4.70","1772","O7.5Iab:","26","14","3.5","35,000","~7"
"τ Per B","τ","18","NA","17879","NA","4.00","NA","NA","NA","NA","NA","NA","NA","NA"
"φ Per","φ","NA","NA","10516","8068","4.01","−2.70","716","B2Vpe","NA","NA","NA","NA","NA"
"ι Per","ι","NA","NA","19373","14632","4.05","3.94","34","G0V","1.35 ± 0.08","1.412 ± 0.009","4.31","5,963 ± 5.1","3.2–4.1"
"θ Per","θ","13","NA","16895","12777","4.10","3.85","37","F7V","1.138 ± 0.010","1.319 ± 0.011","NA","6,157 ± 37","4.0 ± 0.4"
"μ Per","μ","51","NA","26630","19812","4.12","−2.61","723","G0Ib...","NA","NA","NA","NA","NA"
"λ Per","λ","47","NA","25642","19167","4.25","−0.88","346","A0IVn","NA","NA","NA","NA","NA"
"58 Per","e","58","NA","29094","21476","4.25","−2.22","642","G8II comp","NA","NA","NA","NA","NA"
"ψ Per","ψ","37","NA","22192","16826","4.32","−2.34","700","B5Ve","NA","4.7 ± 0.3","4.0","16,053 ± 447","NA"
"σ Per","σ","35","NA","21552","16335","4.36","−0.81","353","K3III","NA","NA","NA","NA","NA"
"HD 26961","b","NA","NA","26961","20070","4.60","−0.35","318","A2V","NA","NA","NA","NA","NA"
"ω Per","ω","28","NA","19656","14817","4.61","−0.25","305","K1III","NA","NA","NA","NA","NA"
"52 Per","f","52","NA","26673","19811","4.67","−1.75","627","G5II comp","NA","NA","NA","NA","NA"
"π Per","π","22","NA","18411","13879","4.68","−0.32","325","A2Vn","NA","NA","NA","NA","NA"
"HD 18970","k","NA","NA","18970","14382","4.77","0.78","204","K0II-III","NA","NA","NA","NA","NA"
"53 Per","d","53","V469","27396","20354","4.80","−0.97","464","B4IV","NA","NA","NA","NA","NA"
"32 Per","l","32","NA","20677","15648","4.96","1.57","155","A3V","NA","NA","NA","NA","NA"
"40 Per","o","40","NA","22951","17313","4.97","−2.29","924","B0.5V","NA","NA","NA","NA","NA"
"4 Per","g","4","NA","12303","9505","4.99","−1.79","739","B8III","NA","NA","NA","NA","NA"
"42 Per","n","42","NA","23848","17886","5.14","0.34","297","A3V","NA","NA","NA","NA","NA"
"9 Per","i","9","V474","14489","11060","5.16","−3.83","2050","A2Ia","NA","NA","NA","NA","NA"
"43 Per","A","43","NA","24546","18453","5.28","2.23","133","F5IV","NA","NA","NA","NA","NA"
"HD 27192","b","NA","NA","27192","20234","5.55","−2.26","1190","B1.5IV","NA","NA","NA","NA","NA"
"7 Per","χ","7","NA","13994","10729","5.99","−0.70","710","G7III","NA","NA","NA","NA","NA"
"57 Per","m","57","NA","28704","21242","6.09","2.04","211","F0V","NA","NA","NA","NA","NA"
"Fomalhaut","α","24","NA","216956","113368","1.17","1.74","25","A3V","0.725 ± 0.036","0.629 ± 0.051","4.21","8,590","4.4 × 10"
"ε PsA","ε","18","NA","214748","111954","4.18","−2.61","744","B8V","NA","NA","NA","NA","NA"
"δ PsA","δ","23","NA","216763","113246","4.20","0.61","170","G8III","NA","NA","NA","NA","NA"
"β PsA","β","17","NA","213398","111188","4.29","1.00","148","A1V","NA","NA","NA","NA","NA"
"ι PsA","ι","9","NA","206742","107380","4.35","0.36","205","B9.5V","NA","NA","NA","NA","NA"
"γ PsA","γ","22","NA","216336","112948","4.46","0.29","222","A0III","NA","NA","NA","NA","NA"
"μ PsA","μ","14","NA","210049","109285","4.50","1.49","130","A2V","NA","NA","NA","NA","NA"
"τ PsA","τ","15","NA","210302","109422","4.94","3.58","61","F6V","NA","NA","NA","NA","NA"
"υ PsA","υ","NA","NA","210066","109289","4.99","−1.06","528","K4III","NA","NA","NA","NA","NA"
"θ PsA","θ","10","NA","207155","107608","5.02","−0.06","339","A1V","NA","NA","NA","NA","NA"
"π PsA","π","NA","NA","217792","113860","5.12","2.84","93","A9V","NA","NA","NA","NA","NA"
"η PsA","η","12","NA","209014","108661","5.43","−2.03","1012","B8/B9V+...","NA","NA","NA","NA","NA"
"λ PsA","λ","16","NA","210934","109789","5.45","−0.51","508","B7V","NA","NA","NA","NA","NA"
"ζ PsA","ζ","NA","NA","213296","111138","6.43","0.99","399","K1III","NA","NA","NA","NA","NA"
"γ Sge","γ","12","NA","189319","98337","3.51","−1.11","274","K5III","NA","55","NA","3805","NA"
"δ Sge A","δ","7","NA","187076","97365","3.82","−1.87","448","M2II + B6","NA","NA","NA","NA","NA"
"δ Sge B","δ","7","NA","187077","NA","3.80","NA","NA","NA","NA","NA","NA","NA","NA"
"α Sge","α","5","NA","185758","96757","4.39","−1.42","473","G0II","NA","NA","NA","NA","NA"
"β Sge","β","6","NA","185958","96837","4.39","−1.39","466","G8II","NA","10","2.79","4,850","NA"
"ζ Sge","ζ","8","NA","187362","97496","5.01","0.01","326","A3V","NA","NA","NA","NA","NA"
"η Sge","η","16","NA","190608","98920","5.09","1.61","162","K2III","NA","NA","NA","NA","NA"
"ε Sge","ε","4","NA","185194","96516","5.67","−0.14","473","G8IIIvar","NA","NA","NA","NA","NA"
"θ Sge","θ","17","NA","191570","99352","6.51","3.24","147","F5IV","NA","NA","NA","NA","NA"
"θ Sge","θ","17","NA","191571","NA","8.90","NA","NA","NA","NA","NA","NA","NA","NA"
"Antares","α","21","NA","148478","80763","0.91","−5.24","553","M1.5Iab-b","12.4","883","0.1","3400 ± 200","NA"
"λ Sco","λ","35","NA","158926","85927","1.62","−5.05","703","B2IV+DA7.9","14.5±1.1","8.8±1.2","3.8","25,000±1,000","NA"
"θ Sco","θ","NA","NA","159532","86228","1.86","−2.75","272","F1II","5.66 ± 0.65","26","2.4 ± 0.2","7,268","NA"
"δ Sco","δ","7","NA","143275","78401","2.29","−3.16","401","B0.2IVe","13 + 8.2","6.7","3.92","27,400","9-10"
"ε Sco","ε","26","NA","151680","82396","2.29","0.78","65","K2IIIb","NA","12.6","2.49","4,560","NA"
"κ Sco","κ","NA","NA","160578","86670","2.39","−3.38","464","B1.5III","17","6.8","4.01","23,400","25.1 ± 1.3"
"β","β","8","NA","144217","78820","2.62","−3.44","530","B0.5V","10","19 ","NA","27,000","NA"
"υ Sco","υ","34","NA","158408","85696","2.70","−3.31","518","B2IV","11.4 ± 0.5","6.1","NA","22,831 ± 169","20.0 ± 2.6"
"τ Sco","τ","23","NA","149438","81266","2.82","−2.78","430","B0V","15.0 ± 0.1","6.5","4.24","31,440,","5.7 ± 1.0"
"π Sco","π","6","NA","143018","78265","2.89","−2.85","459","B1V + B2V","12.5 ± 0.6","5","NA","25,230","15.4 ± 0.6"
"σ Sco","σ","20","NA","147165","80112","2.90","−3.86","734","B1III","NA","11","3.85","NA","NA"
"ι","ι","NA","NA","161471","87073","2.99","−5.71","1791","F3Ia","12.11 ± 0.66","125","1.25","7,000","17.0 ± 0.5"
"μ","μ","NA","NA","151890","82514","3.00","−4.01","821","B1.5IV + B","8.49 ± 0.05","4.07 ± 0.05","NA","23,725 ± 500","NA"
"G Sco","G","NA","NA","161892","87261","3.19","0.24","127","K0/K1III","1.44 ± 0.21","16","NA","4,538","NA"
"η Sco","η","NA","NA","155203","84143","3.32","1.61","72","F3p","1.75","NA","3.10","6,519","1.1"
"μ","μ","NA","NA","151985","82545","3.56","−2.44","517","B2IV","NA","NA","NA","NA","NA"
"ζ","ζ","NA","NA","152334","82729","3.62","0.30","150","K4III","1.19 ± 0.14","21.0 ± 1.6","1.84 ± 0.10","4,169","5.80 ± 2.26"
"ρ Sco","ρ","5","NA","142669","78104","3.87","−1.62","409","B2IV/V","NA","NA","NA","NA","NA"
"ω","ω","9","NA","144470","78933","3.93","−1.64","423","B1V","NA","NA","NA","NA","NA"
"ν Sco","ν","14","NA","145502","79374","4.00","−1.63","436","B2IV","NA","NA","NA","NA","NA"
"H Sco","H","NA","NA","149447","81304","4.18","−0.90","339","K5III","NA","NA","NA","NA","NA"
"N Sco","N","NA","NA","148703","80911","4.24","−2.56","746","B2III-IV","NA","NA","NA","NA","NA"
"Q Sco","Q","NA","NA","159433","86170","4.26","1.03","144","G8/K0III/IV","NA","NA","NA","NA","NA"
"ω","ω","10","NA","144608","78990","4.31","−0.24","265","G6/G8III","NA","NA","NA","NA","NA"
"ο Sco","ο","19","NA","147084","80079","4.55","−3.24","1177","A4II/III","NA","NA","NA","NA","NA"
"13 Sco","c","13","NA","145482","79404","4.58","−1.20","468","B2V","10 ","5.7 ","NA","21,000 ","NA"
"2 Sco","A","2","NA","142114","77840","4.59","−1.03","434","B2.5Vn","8.9 ","3.3 ","NA","20000 ","25 "
"1 Sco","b","1","NA","141637","77635","4.63","−1.39","522","B1.5Vn","10.3","3.7","NA","24,000","NA"
"ζ","ζ","NA","NA","152236","82671","4.70","−8.5","2,600","B1Iae","36","103","1.7","17,200","6.5 ± 0.1"
"ξ Sco A","ξ","NA","NA","144070","NA","4.77","NA","92","NA","NA","NA","NA","NA","NA"
"ι","ι","NA","NA","161912","87294","4.78","−5.50","3705","A6Ib","NA","NA","NA","NA","NA"
"22 Sco","i","22","NA","148605","80815","4.79","−0.61","393","B3V","7.6 ","NA","NA","19000 ","63 "
"HD 146624","d","NA","NA","146624","79881","4.80","1.63","140","A0V:","NA","NA","NA","NA","NA"
"V1073 Sco","k","NA","V1073","154090","83574","4.83","−4.74","2672","B2Iab","23","36.0","2.70","22,500","4.2"
"β","β","NA","NA","144218","78821","4.90","−2.80","530","B2V","10","19 ","NA","27,000","NA"
"ψ Sco","ψ","15","NA","145570","79375","4.93","1.41","165","A3IV","NA","NA","NA","NA","NA"
"ξ Sco B","ξ","NA","NA","144069","78727","5.07","NA","92","F5IV","NA","NA","NA","NA","NA"
"Antares","α","21","NA","148479","NA","5.2","−0.9","553","B2.5V","12.4","883","0.1","3400 ± 200","NA"
"χ Sco","χ","17","NA","145897","79540","5.24","−0.41","439","K3III","NA","NA","NA","NA","NA"
"12 Sco","c","12","NA","145483","79399","5.67","0.87","298","B9V","3.3 ","2.7 ","NA","11,000 ","NA"
"ν Sco C","ν","14","NA","145501","NA","6.30","NA","NA","NA","NA","NA","NA","NA","NA"
"α Sex","α","15","NA","87887","49641","4.48","−0.25","287","A0III","NA","NA","NA","NA","NA"
"γ Sex","γ","8","NA","85558","48437","5.07","0.55","261","A2V","NA","NA","NA","NA","NA"
"β Sex","β","30","NA","90994","51437","5.08","−0.04","345","B6V","NA","NA","NA","NA","NA"
"δ Sex","δ","29","NA","90882","51362","5.19","0.37","300","B9.5V","NA","NA","NA","NA","NA"
"ε Sex","ε","22","NA","89254","50414","5.25","1.51","183","F2III","NA","NA","NA","NA","NA"
"β Tri","β","4","NA","13161","10064","3.00","0.09","124","A5III","3.5","~4 ","3.70","8186","0.73"
"α Tri","α","2","NA","11443","8796","3.42","1.95","64","F6IV","1.70","3.22","3.91","6,288","1.6"
"γ Tri","γ","9","NA","14055","10670","4.03","1.24","118","A1Vnn","2.7","1.96","NA","9,440","3.0 × 10"
"δ Tri","δ","8","NA","13974","10644","4.84","4.66","35","G0V","1.0/0.8","0.98","4.5","6,215/4,493","8.5"
"ι Tri","ι","6","TZ","13480","10280","4.94","0.08","305","F5V comp SB","NA","NA","NA","NA","NA"
"ε Tri","ε","3","NA","12471","9570","5.50","0.22","370","A2V","NA","3.28","3.76","10,000","600"
"ε UMa","ε","77","NA","112185","62956","1.76","−0.21","81","A0p","2.91","4.2 ± 0.2","3.5","10,800","NA"
"α UMa","α","50","NA","95689","54061","1.81","−1.08","124","F7V comp","4.25","NA","2.46","4,660","NA"
"η UMa","η","85","NA","120315","67301","1.85","−0.60","101","B3V SB","6.1 ± 0.1","3.4","4.27","16,823 ± 177","10.0 ± 2.6"
"Mizar","ζ","79","NA","116656","65378","2.23","0.33","78","A2V","NA","NA","NA","NA","NA"
"β UMa","β","48","NA","95418","53910","2.34","0.41","79","A1V","2.7","3.021 ± 0.038","3.83","9377 ± 75","500 ± 100"
"γ UMa","γ","64","NA","103287","58001","2.41","0.36","84","A0V SB","2.62","3.04 ± 0.08","3.79","9,355","0.3"
"ψ UMa","ψ","52","NA","96833","54539","3.00","−0.27","147","K1III","NA","19.7 ± 0.6","2.36","4,520","1.11 ± 0.39"
"μ UMa","μ","34","NA","89758","50801","3.06","−1.35","249","M0III SB","NA","75","1.0","3,899","NA"
"ι UMa","ι","9","NA","76644","44127","3.12","2.29","48","A7IV","NA","NA","NA","NA","620"
"θ UMa","θ","25","NA","82328","46853","3.17","2.52","44","F6IV","1.41","2.365 ± 0.008","3.80 ± 0.10","6,300 ± 33","2.2"
"δ UMa","δ","69","NA","106591","59774","3.32","1.33","81","A3Vvar","1.63","1.4","4.49","9,480 ± 570","0.3"
"ο UMa","ο","1","NA","71369","41704","3.35","−0.40","184","G4II-III","3.09","14","2.64","5,242","360 ± 30"
"λ UMa","λ","33","NA","89021","50372","3.45","0.38","134","A2IV","2.4","2.3","3.90","9,280","410"
"ν UMa","ν","54","NA","98262","55219","3.49","−2.07","421","K3III SB","NA","57.07 ± 4.13","1.89","4,070","NA"
"κ UMa","κ","12","NA","77327","44471","3.57","−1.99","423","A1Vn","NA","NA","NA","NA","NA"
"23 UMa","h","23","NA","81937","46733","3.65","1.83","75","F0IV","1.862","2.90 ± 0.03","NA","6,651 ± 27","1.3"
"χ UMa","χ","63","NA","102224","57399","3.69","−0.20","196","K0III","NA","NA","NA","NA","NA"
"υ UMa","υ","29","NA","84999","48319","3.78","1.04","115","F0IV","NA","NA","NA","NA","NA"
"ξ UMa A","ξ","53","NA","98230","55203","3.79","NA","27.3","G0V","1.05/0.90 ","1.01/0.78 ","NA","~5,900/5,900 ","6 × 10"
"ζ UMa B","ζ","79","NA","116657","NA","3.95","NA","NA","NA","NA","NA","NA","NA","NA"
"Alcor","g","80","NA","116842","65477","3.99","2.01","81","A5V SB","NA","NA","NA","NA","NA"
"ξ UMa B","ξ","53","NA","98231","NA","4.41","NA","NA","NA","1.05/0.90 ","1.01/0.78 ","NA","~5,900/5,900 ","6 × 10"
"15 UMa","f","15","NA","78209","44901","4.46","2.13","96","Am","NA","NA","NA","NA","NA"
"24 UMa","d","24","DK","82210","46977","4.54","1.99","106","G4III-IV","NA","NA","NA","NA","NA"
"φ UMa","φ","30","NA","85235","48402","4.55","−1.08","436","A3IV","NA","NA","NA","NA","NA"
"π","π","4","NA","73108","42527","4.59","0.15","252","K2III","NA","NA","NA","NA","NA"
"ω UMa","ω","45","NA","94334","53295","4.66","0.10","267","A1Vs","NA","NA","NA","NA","NA"
"τ UMa","τ","14","NA","78362","45075","4.67","1.81","122","Am","NA","NA","NA","NA","NA"
"τ UMa","τ","14","NA","78363","NA","4.70","NA","NA","NA","NA","NA","NA","NA","NA"
"ρ UMa","ρ","8","NA","76827","44390","4.74","0.01","287","M3III","NA","NA","NA","NA","NA"
"σ","σ","13","NA","78154","45038","4.80","3.25","67","F7IV-V","NA","NA","NA","NA","NA"
"18 UMa","e","18","DD","79439","45493","4.80","2.00","118","A5V","NA","NA","NA","NA","NA"
"σ","σ","11","NA","77800","44857","5.15","−0.77","498","K5III","NA","NA","NA","NA","NA"
"16 UMa","c","16","NA","79028","45333","5.18","3.72","64","F9V","NA","NA","NA","NA","NA"
"2 UMa","A","2","NA","72037","42080","5.47","2.04","158","A2m","NA","NA","NA","NA","NA"
"π","π","3","NA","72905","42438","5.63","4.86","47","G1.5Vb","NA","NA","NA","NA","NA"
"5 UMa","b","5","NA","75486","43644","5.72","1.01","285","F2III","NA","NA","NA","NA","NA"
"Polaris","α","1","NA","8890","11767","1.97","−3.64","431","F7:Ib-IIv SB","5.4","37.5","2.2","6015","7"
"β UMi","β","7","NA","131873","72607","2.07","−0.87","126","K4IIIvar","2.2 ± 0.3","42.06 ± 0.91","1.83","4,030","NA"
"γ UMi","γ","13","NA","137422","75097","3.04","−2.84","480","A3II-III","NA","15","2.53","8,280","NA"
"ε UMi","ε","22","NA","153751","82080","4.21","−0.92","346","G5IIIvar","NA","NA","NA","NA","NA"
"ζ UMi","ζ","16","NA","142105","77055","4.29","−1.02","376","A3Vn","NA","NA","NA","NA","NA"
"δ UMi","δ","23","NA","166205","85822","4.35","0.61","183","A1Vn","NA","2.8","NA","9000","NA"
"η UMi","η","21","NA","148048","79822","4.95","2.58","97","F5V","NA","NA","NA","NA","NA"
"θ UMi","θ","15","NA","139669","76008","5.00","−2.03","832","K5III","NA","4.8","NA","4053 K","NA"
"λ UMi","λ","NA","NA","183030","84535","6.31","−0.84","876","M1III","NA","NA","NA","NA","NA"
"π","π","NA","NA","139777","75809","6.57","4.85","72","G8IV-V+...","NA","NA","NA","NA","NA"
"π","π","18","NA","141652","76695","6.89","1.54","384","F2","NA","NA","NA","NA","NA"
"π","π","NA","NA","139813","75829","7.30","5.62","71","G5","NA","NA","NA","NA","NA"
"α Vul","α","6","NA","183439","95771","4.44","−0.35","296","M0III comp","NA","42","1.5","3,990","NA"
"31 Vul","(r)","31","NA","198809","103004","4.56","0.45","216","G8III","NA","NA","NA","NA","NA"
"32 Vul","(q)","32","NA","199169","103200","5.03","−1.75","739","K4III","NA","NA","NA","NA","NA"
